row,day,telomere_bp,read_bp,chromosome,arm,direction
3,66,3415,7612,chr1,p,fwd
4,66,649,3746,chr1,p,fwd
5,66,7659,13062,chr1,q,rev
6,66,5235,9855,chr1,q,rev
7,66,9674,14634,chr1,q,rev
8,66,4030,5575,chr2,p,fwd
9,66,7659,13062,chr2,p,fwd
10,66,3539,10267,chr2,p,fwd
11,66,5586,6127,chr2,p,fwd
12,66,2490,3108,chr2,p,fwd
13,66,6433,9881,chr2,p,fwd
14,66,5178,8635,chr2,p,fwd
15,66,4570,16431,chr2,q,rev
16,66,3929,6681,chr2,q,rev
17,66,7448,9097,chr3,p,fwd
18,66,5586,6127,chr3,q,rev
19,66,4030,5575,chr3,q,rev
20,66,6326,11395,chr4,q,rev
21,66,4175,10714,chr5,q,rev
22,66,4568,8943,chr5,q,rev
23,66,5858,10153,chr5,q,rev
24,66,6614,12465,chr5,q,rev
25,66,4484,8870,chr5,q,rev
26,66,10874,17151,chr5,q,rev
27,66,3566,8053,chr5,q,rev
28,66,6614,12465,chr6,p,fwd
29,66,3415,7612,chr6,q,rev
30,66,649,3746,chr6,q,rev
31,66,4175,10714,chr7,p,fwd
32,66,4568,8943,chr7,p,fwd
33,66,4484,8870,chr7,p,fwd
34,66,4570,16431,chr7,p,fwd
35,66,10874,17151,chr7,p,fwd
36,66,1031,20639,chr7,q,rev
37,66,2513,5226,chr7,q,rev
38,66,3765,11373,chr8,q,rev
39,66,8671,16698,chr9,p,fwd
40,66,6043,15035,chr9,p,fwd
41,66,10874,17151,chr9,p,fwd
42,66,1893,10655,chr9,p,fwd
43,66,5858,10153,chr10,q,rev
44,66,2490,3108,chr10,q,rev
45,66,9325,17358,chr11,p,fwd
46,66,4338,12473,chr11,p,fwd
47,66,1893,10655,chr12,p,fwd
48,66,3929,6681,chr12,q,rev
49,66,9325,17358,chr15,q,rev
50,66,8671,16698,chr15,q,rev
51,66,3566,8053,chr16,q,rev
52,66,5038,12971,chr18,q,rev
53,66,6043,15035,chr19,q,rev
54,66,7659,13062,chr21,q,rev
55,66,5235,9855,chr21,q,rev
56,66,9674,14634,chr21,q,rev
57,66,6326,11395,chr21,q,rev
58,66,3539,10267,chr21,q,rev
59,66,5175,19740,chrY,p,fwd
60,66,6043,15035,chrY,q,rev
61,66,3539,10267,alt12_q_0,q,fwd
62,78,3253,7434,chr1,p,fwd
63,78,2599,5723,chr1,p,fwd
64,78,1657,5835,chr1,p,fwd
65,78,4144,9063,chr1,q,rev
66,78,1221,18957,chr2,q,rev
67,78,2779,6771,chr2,q,rev
68,78,7254,29597,chr3,p,fwd
69,78,1089,2746,chr3,p,fwd
70,78,5260,13497,chr3,q,rev
71,78,3223,10816,chr3,q,rev
72,78,3584,8071,chr5,q,rev
73,78,5336,10304,chr5,q,rev
74,78,3795,8965,chr5,q,rev
75,78,1657,5835,chr6,q,rev
76,78,3253,7434,chr6,q,rev
77,78,7277,11127,chr6,q,rev
78,78,4897,8361,chr6,q,rev
79,78,2599,5723,chr6,q,rev
80,78,5336,10304,chr7,p,fwd
81,78,3795,8965,chr7,p,fwd
82,78,5296,14103,chr7,p,fwd
83,78,3659,16550,chr7,q,rev
84,78,3886,12843,chr9,p,fwd
85,78,4403,20896,chr9,p,fwd
86,78,2275,11043,chr9,p,fwd
87,78,1725,9981,chr9,p,fwd
88,78,3445,19494,chr11,q,rev
89,78,3584,8071,chr16,q,rev
90,78,4503,9422,chr17,q,rev
91,78,3886,12843,chr18,p,fwd
92,78,4208,28717,chr18,q,rev
93,78,3299,10915,chr18,q,rev
94,78,2275,11043,chr20,q,rev
95,78,4503,9422,chr21,q,rev
96,78,4144,9063,chr21,q,rev
97,78,6152,20809,chrY,p,fwd
98,78,3659,16550,alt18_p_0,p,fwd
99,78,1725,9981,alt19_p_0,p,fwd
100,98,2615,6101,chr1,p,fwd
101,98,3672,7432,chr1,p,fwd
102,98,2395,7600,chr1,p,fwd
103,98,2653,5784,chr1,p,fwd
104,98,1807,6031,chr1,p,fwd
105,98,2138,5241,chr1,p,fwd
106,98,2794,8506,chr1,q,rev
107,98,2577,7507,chr1,q,rev
108,98,4383,8797,chr1,q,rev
109,98,3309,7765,chr1,q,rev
110,98,4959,10357,chr1,q,rev
111,98,9314,14257,chr1,q,rev
112,98,2937,7539,chr1,q,rev
113,98,3760,5531,chr2,p,fwd
114,98,3469,6850,chr2,p,fwd
115,98,3940,12442,chr2,p,fwd
116,98,1200,1802,chr2,p,fwd
117,98,4249,8026,chr2,p,fwd
118,98,636,1259,chr2,p,fwd
119,98,3888,8077,chr2,q,rev
120,98,662,5093,chr2,q,rev
121,98,986,5492,chr2,q,rev
122,98,3637,7642,chr2,q,rev
123,98,884,5405,chr2,q,rev
124,98,6290,7956,chr3,p,fwd
125,98,2702,11431,chr3,q,rev
126,98,2022,10245,chr3,q,rev
127,98,4578,12803,chr3,q,rev
128,98,7795,21072,chr4,p,fwd
129,98,1537,6351,chr4,q,rev
130,98,2474,7451,chr5,q,rev
131,98,7306,14203,chr5,q,rev
132,98,4406,8968,chr5,q,rev
133,98,1298,5598,chr5,q,rev
134,98,2534,7511,chr5,q,rev
135,98,5126,10112,chr5,q,rev
136,98,3878,9758,chr5,q,rev
137,98,4149,9143,chr5,q,rev
138,98,2264,6757,chr5,q,rev
139,98,3687,8631,chr5,q,rev
140,98,7302,12936,chr6,q,rev
141,98,2395,7600,chr6,q,rev
142,98,3362,8866,chr6,q,rev
143,98,2615,6101,chr6,q,rev
144,98,1807,6031,chr6,q,rev
145,98,3672,7432,chr6,q,rev
146,98,1399,5630,chr6,q,rev
147,98,4249,8026,chr6,q,rev
148,98,3691,7458,chr6,q,rev
149,98,2035,5686,chr6,q,rev
150,98,2653,5784,chr6,q,rev
151,98,2138,5241,chr6,q,rev
152,98,3878,9758,chr7,p,fwd
153,98,4149,9143,chr7,p,fwd
154,98,3888,8077,chr7,p,fwd
155,98,5126,10112,chr7,p,fwd
156,98,3687,8631,chr7,p,fwd
157,98,2893,6683,chr7,p,fwd
158,98,4566,13399,chr7,p,fwd
159,98,533,3373,chr7,q,rev
160,98,509,3344,chr7,q,rev
161,98,401,3234,chr7,q,rev
162,98,2627,5336,chr7,q,rev
163,98,1052,8626,chr8,q,rev
164,98,3955,18056,chr9,p,fwd
165,98,4059,12261,chr9,p,fwd
166,98,4172,13037,chr9,p,fwd
167,98,2198,10675,chr9,p,fwd
168,98,3009,31785,chr9,p,fwd
169,98,1648,10369,chr9,p,fwd
170,98,1278,9753,chr9,p,fwd
171,98,1419,9740,chr9,p,fwd
172,98,4742,9414,chr9,q,rev
173,98,4516,23358,chr10,p,fwd
174,98,3760,5531,chr10,p,fwd
175,98,7306,14203,chr10,q,rev
176,98,4406,8968,chr10,q,rev
177,98,3013,11031,chr11,p,fwd
178,98,4059,12261,chr11,p,fwd
179,98,1572,9440,chr11,p,fwd
180,98,2847,16963,chr11,q,rev
181,98,4959,10357,chr11,q,rev
182,98,636,1259,chr12,p,fwd
183,98,2309,5076,chr12,q,rev
184,98,1170,1190,chr13,p,fwd
185,98,4742,9414,chr13,q,rev
186,98,2923,7245,chr13,q,rev
187,98,2893,6683,chr13,q,rev
188,98,13266,18513,chr14,p,fwd
189,98,631,5888,chr14,p,fwd
190,98,3451,14086,chr14,q,rev
191,98,1170,1190,chr14,q,rev
192,98,3009,31785,chr15,q,rev
193,98,1278,9753,chr15,q,rev
194,98,2702,11431,chr15,q,rev
195,98,2198,10675,chr15,q,rev
196,98,4172,13037,chr16,p,fwd
197,98,2534,7511,chr16,q,rev
198,98,2264,6757,chr16,q,rev
199,98,2577,7507,chr17,q,rev
200,98,2313,6914,chr17,q,rev
201,98,3873,8781,chr17,q,rev
202,98,3149,8055,chr17,q,rev
203,98,1835,9464,chr18,q,rev
204,98,2370,10263,chr18,q,rev
205,98,2794,8506,chr21,q,rev
206,98,4383,8797,chr21,q,rev
207,98,3309,7765,chr21,q,rev
208,98,3873,8781,chr21,q,rev
209,98,4959,10357,chr21,q,rev
210,98,9314,14257,chr21,q,rev
211,98,3149,8055,chr21,q,rev
212,98,2937,7539,chr21,q,rev
213,98,3710,19323,chrX,p,fwd
214,98,2773,6090,chrX,p,fwd
215,98,3710,19323,chrY,p,fwd
216,98,2773,6090,chrY,p,fwd
217,98,2313,6914,chrY,p,fwd
218,98,1648,10369,alt9_p_0,p,fwd
219,98,2022,10245,alt12_p_0,p,fwd
220,98,1419,9740,alt16_p_0,p,fwd
221,98,4578,12803,alt19_p_0,p,fwd
222,98,1572,9440,alt19_p_0,p,fwd
223,98,2313,6914,alt21_q_0,q,fwd
224,98,1537,6351,alt22_q_0,q,fwd
225,105,2365,5505,chr1,p,fwd
226,105,3199,6685,chr1,p,fwd
227,105,2064,5190,chr1,p,fwd
228,105,2164,15454,chr1,p,fwd
229,105,1345,5316,chr1,p,fwd
230,105,2063,4783,chr1,p,fwd
231,105,589,4223,chr1,p,fwd
232,105,3295,7031,chr1,p,fwd
233,105,1051,4739,chr1,p,fwd
234,105,5960,20114,chr1,q,rev
235,105,1246,6054,chr1,q,rev
236,105,7310,12270,chr1,q,rev
237,105,3464,8821,chr1,q,rev
238,105,4413,9819,chr1,q,rev
239,105,2097,6904,chr1,q,rev
240,105,3927,9298,chr1,q,rev
241,105,5232,5759,chr2,p,fwd
242,105,4861,8290,chr2,p,fwd
243,105,1058,8169,chr2,p,fwd
244,105,1444,2973,chr2,p,fwd
245,105,818,7913,chr2,p,fwd
246,105,782,7909,chr2,p,fwd
247,105,1188,1813,chr2,p,fwd
248,105,1222,2763,chr2,p,fwd
249,105,1117,10792,chr2,p,fwd
250,105,1117,10792,chr2,p,fwd
251,105,416,2018,chr2,p,fwd
252,105,534,1122,chr2,p,fwd
253,105,534,1117,chr2,p,fwd
254,105,1597,5074,chr2,p,fwd
255,105,4677,50004,chr2,p,fwd
256,105,1372,6482,chr2,q,rev
257,105,895,5403,chr2,q,rev
258,105,3451,7624,chr2,q,rev
259,105,818,5268,chr2,q,rev
260,105,781,5269,chr2,q,rev
261,105,3637,15273,chr2,q,rev
262,105,4845,35866,chr3,p,fwd
263,105,4077,5842,chr3,p,fwd
264,105,2468,25974,chr3,q,rev
265,105,3711,11979,chr3,q,rev
266,105,2120,10807,chr3,q,rev
267,105,3771,9266,chr3,q,rev
268,105,5773,16350,chr3,q,rev
269,105,4077,5842,chr3,q,rev
270,105,5232,5759,chr3,q,rev
271,105,1058,8169,chr3,q,rev
272,105,818,7913,chr3,q,rev
273,105,782,7909,chr3,q,rev
274,105,8255,28383,chr4,p,fwd
275,105,7310,12270,chr4,p,fwd
276,105,7628,19998,chr4,p,fwd
277,105,8904,18919,chr4,p,fwd
278,105,13878,25184,chr4,p,fwd
279,105,15302,25144,chr4,p,fwd
280,105,8177,14939,chr4,p,fwd
281,105,1862,6921,chr4,q,rev
282,105,1550,6382,chr4,q,rev
283,105,3018,18028,chr5,q,rev
284,105,842,7031,chr5,q,rev
285,105,1372,6482,chr5,q,rev
286,105,3968,8935,chr5,q,rev
287,105,3650,9263,chr5,q,rev
288,105,3614,7928,chr5,q,rev
289,105,3428,8894,chr5,q,rev
290,105,2000,6476,chr5,q,rev
291,105,1898,6265,chr5,q,rev
292,105,2647,7646,chr5,q,rev
293,105,4712,9272,chr5,q,rev
294,105,1766,6257,chr5,q,rev
295,105,2083,6441,chr5,q,rev
296,105,2164,15454,chr6,q,rev
297,105,2365,5505,chr6,q,rev
298,105,2083,6331,chr6,q,rev
299,105,2064,5190,chr6,q,rev
300,105,3199,6685,chr6,q,rev
301,105,3295,7031,chr6,q,rev
302,105,2335,6578,chr6,q,rev
303,105,1051,4739,chr6,q,rev
304,105,5237,9101,chr6,q,rev
305,105,1345,5316,chr6,q,rev
306,105,589,4223,chr6,q,rev
307,105,1644,3212,chr6,q,rev
308,105,3650,9263,chr7,p,fwd
309,105,3343,8008,chr7,p,fwd
310,105,3968,8935,chr7,p,fwd
311,105,3637,15273,chr7,p,fwd
312,105,3776,11800,chr7,p,fwd
313,105,811,5413,chr7,p,fwd
314,105,725,3637,chr7,q,rev
315,105,2063,4783,chr7,q,rev
316,105,929,3837,chr7,q,rev
317,105,1067,3975,chr7,q,rev
318,105,4054,35750,chr7,q,rev
319,105,1444,2973,chr7,q,rev
320,105,1222,2763,chr7,q,rev
321,105,1487,10412,chr8,q,rev
322,105,1875,16988,chr8,q,rev
323,105,782,7909,chr8,q,rev
324,105,1058,8169,chr8,q,rev
325,105,818,7913,chr8,q,rev
326,105,2385,9951,chr8,q,rev
327,105,2564,10125,chr8,q,rev
328,105,3650,9263,chr8,q,rev
329,105,6229,15154,chr9,p,fwd
330,105,4713,13328,chr9,p,fwd
331,105,10626,15899,chr9,p,fwd
332,105,4236,19067,chr9,p,fwd
333,105,2626,11503,chr9,p,fwd
334,105,3019,11442,chr9,p,fwd
335,105,2273,11171,chr9,p,fwd
336,105,3124,17052,chr9,p,fwd
337,105,2861,11343,chr9,p,fwd
338,105,2271,11211,chr9,p,fwd
339,105,2009,10493,chr9,p,fwd
340,105,1655,5505,chr9,p,fwd
341,105,1849,9994,chr9,p,fwd
342,105,1743,11486,chr9,p,fwd
343,105,2002,10859,chr9,p,fwd
344,105,1973,10702,chr9,p,fwd
345,105,1532,10297,chr9,p,fwd
346,105,1461,10116,chr9,p,fwd
347,105,1223,9555,chr9,p,fwd
348,105,1107,9894,chr9,p,fwd
349,105,818,5268,chr9,q,rev
350,105,781,5269,chr9,q,rev
351,105,3713,21889,chr10,p,fwd
352,105,7268,20369,chr10,p,fwd
353,105,3942,23642,chr10,p,fwd
354,105,4467,12939,chr10,p,fwd
355,105,7363,26980,chr10,p,fwd
356,105,8177,51599,chr10,p,fwd
357,105,1836,18157,chr10,p,fwd
358,105,1064,13716,chr10,p,fwd
359,105,3428,8894,chr10,q,rev
360,105,4712,9272,chr10,q,rev
361,105,534,1122,chr10,q,rev
362,105,534,1117,chr10,q,rev
363,105,4006,12459,chr11,p,fwd
364,105,2861,11343,chr11,p,fwd
365,105,4467,12939,chr11,p,fwd
366,105,3776,11800,chr11,p,fwd
367,105,1743,11486,chr11,p,fwd
368,105,1174,9598,chr11,p,fwd
369,105,934,9016,chr11,p,fwd
370,105,4677,50004,chr11,q,rev
371,105,3895,22696,chr11,q,rev
372,105,3050,19150,chr11,q,rev
373,105,2602,10985,chr12,p,fwd
374,105,1532,10297,chr12,p,fwd
375,105,1461,10116,chr12,p,fwd
376,105,1767,7141,chr12,q,rev
377,105,1373,3994,chr12,q,rev
378,105,892,3532,chr12,q,rev
379,105,898,3527,chr12,q,rev
380,105,1343,3987,chr12,q,rev
381,105,4413,9819,chr12,q,rev
382,105,2641,6960,chr13,q,rev
383,105,6201,11439,chr14,p,fwd
384,105,10626,15899,chr14,p,fwd
385,105,10680,21444,chr14,q,rev
386,105,5773,16350,chr14,q,rev
387,105,416,2018,chr14,q,rev
388,105,8255,28383,chr15,p,fwd
389,105,2468,25974,chr15,q,rev
390,105,4713,13328,chr15,q,rev
391,105,2009,10493,chr15,q,rev
392,105,1174,9598,chr15,q,rev
393,105,2120,10807,chr15,q,rev
394,105,2626,11503,chr16,p,fwd
395,105,2273,11171,chr16,p,fwd
396,105,3018,18028,chr16,q,rev
397,105,3614,7928,chr16,q,rev
398,105,2000,6476,chr16,q,rev
399,105,2647,7646,chr16,q,rev
400,105,1766,6257,chr16,q,rev
401,105,3082,12667,chr17,p,fwd
402,105,3870,13495,chr17,p,fwd
403,105,3157,12705,chr17,p,fwd
404,105,3310,12717,chr17,p,fwd
405,105,3038,7865,chr17,q,rev
406,105,1246,6054,chr17,q,rev
407,105,2295,6905,chr17,q,rev
408,105,2097,6904,chr17,q,rev
409,105,1503,6109,chr17,q,rev
410,105,1621,6426,chr17,q,rev
411,105,1064,13716,chr18,p,fwd
412,105,2608,11911,chr18,q,rev
413,105,2642,10198,chr18,q,rev
414,105,2129,10068,chr18,q,rev
415,105,3451,7624,chr19,q,rev
416,105,2667,4735,chr20,p,fwd
417,105,1973,10702,chr20,q,rev
418,105,1655,5505,chr20,q,rev
419,105,5960,20114,chr21,q,rev
420,105,7310,12270,chr21,q,rev
421,105,3464,8821,chr21,q,rev
422,105,4413,9819,chr21,q,rev
423,105,3927,9298,chr21,q,rev
424,105,2667,4735,chr21,q,rev
425,105,8904,18919,chr22,p,fwd
426,105,15302,25144,chr22,p,fwd
427,105,13878,25184,chr22,p,fwd
428,105,8177,14939,chr22,p,fwd
429,105,1862,6921,chr22,q,rev
430,105,2295,6905,chrY,p,fwd
431,105,2002,10859,alt9_p_0,p,fwd
432,105,1107,9894,alt9_p_0,p,fwd
433,105,3711,11979,alt12_p_0,p,fwd
434,105,3343,8008,alt13_q_0,q,fwd
435,105,811,5413,alt13_q_0,q,fwd
436,105,1223,9555,alt16_p_0,p,fwd
437,105,1849,9994,alt19_p_0,p,fwd
438,105,934,9016,alt19_p_0,p,fwd
439,105,2295,6905,alt21_q_0,q,fwd
440,105,1503,6109,alt21_q_0,q,fwd
441,105,1621,6426,alt22_q_0,q,fwd
442,105,3038,7865,alt22_q_0,q,fwd
443,105,1550,6382,alt22_q_0,q,fwd
444,105,1098,5568,chr1,p,fwd
445,105,597,5159,chr1,p,fwd
446,105,999,5514,chr1,p,fwd
447,105,2026,14585,chr1,p,fwd
448,105,1936,5960,chr1,p,fwd
449,105,2511,11129,chr1,p,fwd
450,105,6377,13369,chr1,p,fwd
451,105,2018,3956,chr1,p,fwd
452,105,1953,6659,chr1,p,fwd
453,105,3397,9313,chr1,p,fwd
454,105,2843,9462,chr1,p,fwd
455,105,2044,5313,chr1,p,fwd
456,105,2010,6367,chr1,p,fwd
457,105,2048,6319,chr1,p,fwd
458,105,1015,4199,chr1,p,fwd
459,105,1805,5154,chr1,p,fwd
460,105,6650,20383,chr1,p,fwd
461,105,6489,19996,chr1,p,fwd
462,105,3004,3782,chr1,p,fwd
463,105,2608,7557,chr1,p,fwd
464,105,2406,5689,chr1,p,fwd
465,105,2850,6749,chr1,p,fwd
466,105,1546,4961,chr1,p,fwd
467,105,1402,5965,chr1,p,fwd
468,105,1358,5853,chr1,p,fwd
469,105,3976,7990,chr1,p,fwd
470,105,1240,5178,chr1,p,fwd
471,105,2678,6377,chr1,p,fwd
472,105,2891,6781,chr1,p,fwd
473,105,1176,5849,chr1,p,fwd
474,105,886,4873,chr1,p,fwd
475,105,1984,6179,chr1,p,fwd
476,105,1475,5888,chr1,p,fwd
477,105,2044,5313,chr1,p,fwd
478,105,1805,5154,chr1,p,fwd
479,105,4452,8626,chr1,p,fwd
480,105,2689,12613,chr1,q,rev
481,105,3106,21710,chr1,q,rev
482,105,2019,9338,chr1,q,rev
483,105,6507,13691,chr1,q,rev
484,105,2178,6838,chr1,q,rev
485,105,3385,9232,chr1,q,rev
486,105,4020,9969,chr1,q,rev
487,105,1803,6301,chr1,q,rev
488,105,3352,8783,chr1,q,rev
489,105,453,5380,chr1,q,rev
490,105,2417,7452,chr1,q,rev
491,105,2074,7066,chr1,q,rev
492,105,5222,10743,chr1,q,rev
493,105,3215,9013,chr1,q,rev
494,105,7422,12910,chr1,q,rev
495,105,1888,7141,chr1,q,rev
496,105,2132,7301,chr1,q,rev
497,105,5590,11241,chr1,q,rev
498,105,6902,12232,chr1,q,rev
499,105,3710,9363,chr1,q,rev
500,105,2532,7333,chr1,q,rev
501,105,2715,7951,chr1,q,rev
502,105,1991,6853,chr1,q,rev
503,105,1142,6269,chr1,q,rev
504,105,383,4957,chr1,q,rev
505,105,315,4787,chr1,q,rev
506,105,1824,6764,chr1,q,rev
507,105,2155,7105,chr1,q,rev
508,105,1536,6733,chr1,q,rev
509,105,655,5783,chr1,q,rev
510,105,2342,7850,chr1,q,rev
511,105,1621,6868,chr1,q,rev
512,105,6610,12235,chr1,q,rev
513,105,2550,7934,chr1,q,rev
514,105,2082,7022,chr1,q,rev
515,105,2128,7264,chr1,q,rev
516,105,3171,8844,chr1,q,rev
517,105,1856,6611,chr1,q,rev
518,105,3226,9158,chr1,q,rev
519,105,6690,12512,chr1,q,rev
520,105,2131,7010,chr1,q,rev
521,105,779,5646,chr1,q,rev
522,105,1246,6609,chr1,q,rev
523,105,3468,8513,chr1,q,rev
524,105,1183,6151,chr1,q,rev
525,105,2387,7708,chr1,q,rev
526,105,6368,11133,chr1,q,rev
527,105,1527,3154,chr1,q,rev
528,105,1331,2771,chr1,q,rev
529,105,4539,6626,chr1,q,rev
530,105,798,8531,chr1,q,rev
531,105,2800,4808,chr1,q,rev
532,105,2374,3944,chr1,q,rev
533,105,2342,7850,chr1,q,rev
534,105,1992,4947,chr1,q,rev
535,105,1746,10002,chr1,q,rev
536,105,2003,4247,chr1,q,rev
537,105,1536,6733,chr1,q,rev
538,105,637,5632,chr2,p,fwd
539,105,742,1539,chr2,p,fwd
540,105,1243,5095,chr2,p,fwd
541,105,742,1539,chr2,p,fwd
542,105,685,4332,chr2,p,fwd
543,105,2718,19609,chr2,p,fwd
544,105,1030,4785,chr2,p,fwd
545,105,575,1327,chr2,p,fwd
546,105,1982,5710,chr2,p,fwd
547,105,1333,5211,chr2,p,fwd
548,105,1997,6062,chr2,p,fwd
549,105,1227,4710,chr2,p,fwd
550,105,4595,8309,chr2,p,fwd
551,105,2551,3362,chr2,p,fwd
552,105,2456,6066,chr2,p,fwd
553,105,2044,5313,chr2,p,fwd
554,105,1098,4712,chr2,p,fwd
555,105,5022,9040,chr2,p,fwd
556,105,953,4697,chr2,p,fwd
557,105,627,7966,chr2,q,rev
558,105,1021,7989,chr2,q,rev
559,105,693,5411,chr2,q,rev
560,105,1224,5351,chr2,q,rev
561,105,391,4856,chr2,q,rev
562,105,744,5670,chr2,q,rev
563,105,407,4918,chr2,q,rev
564,105,1843,6004,chr2,q,rev
565,105,1087,5774,chr2,q,rev
566,105,332,4403,chr2,q,rev
567,105,2581,6981,chr2,q,rev
568,105,3634,8115,chr2,q,rev
569,105,2391,6505,chr2,q,rev
570,105,1614,5728,chr2,q,rev
571,105,432,5080,chr2,q,rev
572,105,1435,5302,chr2,q,rev
573,105,2003,4247,chr3,p,fwd
574,105,1470,3154,chr3,p,fwd
575,105,676,2339,chr3,p,fwd
576,105,1475,3153,chr3,p,fwd
577,105,3814,5906,chr3,p,fwd
578,105,2416,4373,chr3,p,fwd
579,105,2018,3956,chr3,p,fwd
580,105,3041,4973,chr3,p,fwd
581,105,4599,6462,chr3,p,fwd
582,105,3006,4913,chr3,p,fwd
583,105,3802,5700,chr3,p,fwd
584,105,2938,13191,chr3,q,rev
585,105,1578,10650,chr3,q,rev
586,105,3145,11791,chr3,q,rev
587,105,3111,11386,chr3,q,rev
588,105,1735,10797,chr3,q,rev
589,105,3091,11626,chr3,q,rev
590,105,3206,11859,chr3,q,rev
591,105,1904,10252,chr3,q,rev
592,105,3792,12287,chr3,q,rev
593,105,1752,10083,chr3,q,rev
594,105,1518,9921,chr3,q,rev
595,105,3151,11479,chr3,q,rev
596,105,683,4812,chr3,q,rev
597,105,1124,8390,chr3,q,rev
598,105,2823,3577,chr3,q,rev
599,105,1888,7141,chr3,q,rev
600,105,655,2210,chr3,q,rev
601,105,1176,5849,chr3,q,rev
602,105,1998,6947,chr3,q,rev
603,105,3352,8783,chr3,q,rev
604,105,2267,5176,chr3,q,rev
605,105,2933,8070,chr3,q,rev
606,105,1108,8391,chr3,q,rev
607,105,3077,9090,chr4,p,fwd
608,105,3328,4117,chr4,p,fwd
609,105,2682,3786,chr4,p,fwd
610,105,2898,3899,chr4,p,fwd
611,105,1984,6179,chr4,p,fwd
612,105,3171,8844,chr4,p,fwd
613,105,1358,5853,chr4,p,fwd
614,105,3710,9363,chr4,p,fwd
615,105,6377,13369,chr4,p,fwd
616,105,2374,3944,chr4,p,fwd
617,105,2689,12613,chr4,p,fwd
618,105,2357,11023,chr4,p,fwd
619,105,2586,5509,chr4,p,fwd
620,105,3597,10677,chr4,p,fwd
621,105,4646,15775,chr4,p,fwd
622,105,6985,19766,chr4,p,fwd
623,105,7647,20323,chr4,p,fwd
624,105,4369,17684,chr4,p,fwd
625,105,10469,17277,chr4,p,fwd
626,105,8699,34784,chr4,p,fwd
627,105,5370,10375,chr4,p,fwd
628,105,6160,16592,chr4,p,fwd
629,105,12649,23146,chr4,p,fwd
630,105,5219,15425,chr4,p,fwd
631,105,6589,16947,chr4,p,fwd
632,105,7087,17076,chr4,p,fwd
633,105,4467,14652,chr4,p,fwd
634,105,7286,14424,chr4,p,fwd
635,105,6488,21687,chr4,p,fwd
636,105,6507,13691,chr4,q,rev
637,105,5222,10743,chr4,q,rev
638,105,7422,12910,chr4,q,rev
639,105,5590,11241,chr4,q,rev
640,105,6902,12232,chr4,q,rev
641,105,744,5893,chr4,q,rev
642,105,985,5708,chr4,q,rev
643,105,6610,12235,chr4,q,rev
644,105,6690,12512,chr4,q,rev
645,105,2003,6972,chr4,q,rev
646,105,2168,7238,chr4,q,rev
647,105,6368,11133,chr4,q,rev
648,105,3156,12093,chr4,q,rev
649,105,2900,19023,chr4,q,rev
650,105,855,5697,chr5,p,fwd
651,105,2675,4018,chr5,p,fwd
652,105,731,1670,chr5,p,fwd
653,105,575,1327,chr5,p,fwd
654,105,2941,8475,chr5,q,rev
655,105,3493,9719,chr5,q,rev
656,105,1349,5843,chr5,q,rev
657,105,3772,8922,chr5,q,rev
658,105,2298,8096,chr5,q,rev
659,105,2237,7214,chr5,q,rev
660,105,1310,6401,chr5,q,rev
661,105,1224,5351,chr5,q,rev
662,105,2814,8758,chr5,q,rev
663,105,3224,8765,chr5,q,rev
664,105,1602,5741,chr5,q,rev
665,105,2406,7059,chr5,q,rev
666,105,1598,6311,chr5,q,rev
667,105,1209,5872,chr5,q,rev
668,105,2192,7943,chr5,q,rev
669,105,1426,6216,chr5,q,rev
670,105,3198,9214,chr5,q,rev
671,105,2849,8919,chr5,q,rev
672,105,1391,6461,chr5,q,rev
673,105,2770,7857,chr5,q,rev
674,105,1714,6361,chr5,q,rev
675,105,1656,6315,chr5,q,rev
676,105,1639,6205,chr5,q,rev
677,105,1875,7311,chr5,q,rev
678,105,1817,7841,chr5,q,rev
679,105,1898,7536,chr5,q,rev
680,105,6849,13639,chr5,q,rev
681,105,1091,6236,chr5,q,rev
682,105,1975,6555,chr5,q,rev
683,105,1853,6508,chr5,q,rev
684,105,2445,8078,chr5,q,rev
685,105,3723,9606,chr5,q,rev
686,105,2651,5740,chr5,q,rev
687,105,2938,13191,chr6,p,fwd
688,105,1953,6659,chr6,q,rev
689,105,1546,4961,chr6,q,rev
690,105,2850,6749,chr6,q,rev
691,105,1402,5965,chr6,q,rev
692,105,1358,5853,chr6,q,rev
693,105,2010,6367,chr6,q,rev
694,105,2678,6377,chr6,q,rev
695,105,4452,8626,chr6,q,rev
696,105,2928,6825,chr6,q,rev
697,105,1020,5419,chr6,q,rev
698,105,1475,5888,chr6,q,rev
699,105,999,5514,chr6,q,rev
700,105,2891,6781,chr6,q,rev
701,105,2048,6319,chr6,q,rev
702,105,1291,6251,chr6,q,rev
703,105,4673,9055,chr6,q,rev
704,105,886,4873,chr6,q,rev
705,105,1240,5178,chr6,q,rev
706,105,3976,7990,chr6,q,rev
707,105,2962,6914,chr6,q,rev
708,105,1176,5849,chr6,q,rev
709,105,4517,8453,chr6,q,rev
710,105,597,5159,chr6,q,rev
711,105,1427,6029,chr6,q,rev
712,105,3035,7074,chr6,q,rev
713,105,834,3705,chr6,q,rev
714,105,2048,6319,chr6,q,rev
715,105,5799,13588,chr7,p,fwd
716,105,1602,5741,chr7,p,fwd
717,105,2298,8096,chr7,p,fwd
718,105,2391,6505,chr7,p,fwd
719,105,1381,3021,chr7,p,fwd
720,105,1817,7841,chr7,p,fwd
721,105,1310,6401,chr7,p,fwd
722,105,2941,8475,chr7,p,fwd
723,105,2770,7857,chr7,p,fwd
724,105,3045,8252,chr7,p,fwd
725,105,1087,5774,chr7,p,fwd
726,105,4369,17684,chr7,p,fwd
727,105,1914,6429,chr7,p,fwd
728,105,1630,6536,chr7,p,fwd
729,105,3772,8922,chr7,p,fwd
730,105,2445,8078,chr7,p,fwd
731,105,2770,7857,chr7,p,fwd
732,105,347,3346,chr7,q,rev
733,105,633,3420,chr7,q,rev
734,105,389,3336,chr7,q,rev
735,105,670,3761,chr7,q,rev
736,105,460,3569,chr7,q,rev
737,105,377,3312,chr7,q,rev
738,105,2586,5509,chr7,q,rev
739,105,2751,5568,chr7,q,rev
740,105,433,3269,chr7,q,rev
741,105,3373,6574,chr7,q,rev
742,105,323,3289,chr7,q,rev
743,105,2267,5176,chr7,q,rev
744,105,5856,11381,chr7,q,rev
745,105,4140,17843,chr8,p,fwd
746,105,1504,11859,chr8,q,rev
747,105,1108,8391,chr8,q,rev
748,105,1496,8638,chr8,q,rev
749,105,798,8531,chr8,q,rev
750,105,1965,10111,chr8,q,rev
751,105,1124,8390,chr8,q,rev
752,105,2800,4808,chr8,q,rev
753,105,5222,10743,chr8,q,rev
754,105,6368,11133,chr8,q,rev
755,105,1395,3216,chr8,q,rev
756,105,2898,3899,chr8,q,rev
757,105,3328,4117,chr8,q,rev
758,105,1561,10208,chr9,p,fwd
759,105,7584,18875,chr9,p,fwd
760,105,2857,7948,chr9,p,fwd
761,105,2120,6716,chr9,p,fwd
762,105,2363,11364,chr9,p,fwd
763,105,2700,15884,chr9,p,fwd
764,105,1244,10083,chr9,p,fwd
765,105,1470,3154,chr9,p,fwd
766,105,676,2339,chr9,p,fwd
767,105,1496,10481,chr9,p,fwd
768,105,1099,9919,chr9,p,fwd
769,105,1172,9863,chr9,p,fwd
770,105,710,3338,chr9,p,fwd
771,105,1500,10483,chr9,p,fwd
772,105,1492,10395,chr9,p,fwd
773,105,1289,10004,chr9,p,fwd
774,105,3190,9387,chr9,p,fwd
775,105,973,9815,chr9,p,fwd
776,105,1356,16403,chr9,p,fwd
777,105,2955,12283,chr9,p,fwd
778,105,2741,12128,chr9,p,fwd
779,105,972,10033,chr9,p,fwd
780,105,1187,9994,chr9,p,fwd
781,105,992,9985,chr9,p,fwd
782,105,1071,10072,chr9,p,fwd
783,105,1080,9916,chr9,p,fwd
784,105,450,3167,chr9,p,fwd
785,105,4370,21845,chr9,p,fwd
786,105,1075,9610,chr9,p,fwd
787,105,996,9832,chr9,p,fwd
788,105,838,9424,chr9,p,fwd
789,105,800,9584,chr9,p,fwd
790,105,832,9550,chr9,p,fwd
791,105,1199,9845,chr9,p,fwd
792,105,2752,12050,chr9,p,fwd
793,105,4074,13150,chr9,p,fwd
794,105,2313,3862,chr9,p,fwd
795,105,1448,10404,chr9,p,fwd
796,105,1952,10959,chr9,p,fwd
797,105,2968,11934,chr9,p,fwd
798,105,2864,12009,chr9,p,fwd
799,105,1708,10705,chr9,p,fwd
800,105,2467,11372,chr9,p,fwd
801,105,1473,3605,chr9,p,fwd
802,105,1851,10781,chr9,p,fwd
803,105,1416,10384,chr9,p,fwd
804,105,1523,10461,chr9,p,fwd
805,105,1515,10262,chr9,p,fwd
806,105,1792,10789,chr9,p,fwd
807,105,2287,11345,chr9,p,fwd
808,105,2029,11004,chr9,p,fwd
809,105,1540,4883,chr9,p,fwd
810,105,4176,13314,chr9,p,fwd
811,105,2052,11213,chr9,p,fwd
812,105,2551,11661,chr9,p,fwd
813,105,1330,5685,chr9,p,fwd
814,105,1572,10119,chr9,p,fwd
815,105,1761,10583,chr9,p,fwd
816,105,1646,11040,chr9,p,fwd
817,105,2066,10472,chr9,p,fwd
818,105,4757,8880,chr9,q,rev
819,105,1274,8825,chr9,q,rev
820,105,2849,8919,chr10,p,fwd
821,105,2718,19609,chr10,p,fwd
822,105,2192,7943,chr10,p,fwd
823,105,3198,17708,chr10,p,fwd
824,105,4370,21845,chr10,p,fwd
825,105,6284,19585,chr10,p,fwd
826,105,2323,6079,chr10,p,fwd
827,105,2186,6666,chr10,p,fwd
828,105,2581,15768,chr10,p,fwd
829,105,1274,8825,chr10,p,fwd
830,105,6024,19490,chr10,p,fwd
831,105,3593,16749,chr10,p,fwd
832,105,2884,16091,chr10,p,fwd
833,105,2608,7557,chr10,p,fwd
834,105,2222,15028,chr10,p,fwd
835,105,3120,24654,chr10,p,fwd
836,105,3457,16278,chr10,p,fwd
837,105,2857,7948,chr10,q,rev
838,105,2814,8758,chr10,q,rev
839,105,3224,8765,chr10,q,rev
840,105,1914,6429,chr10,q,rev
841,105,1735,10797,chr10,q,rev
842,105,2143,10683,chr11,p,fwd
843,105,3948,13088,chr11,p,fwd
844,105,1366,9784,chr11,p,fwd
845,105,1687,14711,chr11,p,fwd
846,105,1182,9612,chr11,p,fwd
847,105,1213,9593,chr11,p,fwd
848,105,1105,9706,chr11,p,fwd
849,105,3292,11876,chr11,p,fwd
850,105,1047,9374,chr11,p,fwd
851,105,991,9373,chr11,p,fwd
852,105,1033,11055,chr11,p,fwd
853,105,771,9158,chr11,p,fwd
854,105,1089,9244,chr11,p,fwd
855,105,907,9239,chr11,p,fwd
856,105,1183,9279,chr11,p,fwd
857,105,1370,10124,chr11,p,fwd
858,105,969,9183,chr11,p,fwd
859,105,2002,10512,chr11,p,fwd
860,105,1945,10013,chr11,p,fwd
861,105,1795,9872,chr11,p,fwd
862,105,2585,11950,chr11,p,fwd
863,105,2066,10472,chr11,p,fwd
864,105,2511,11129,chr11,p,fwd
865,105,3818,12361,chr11,p,fwd
866,105,1883,10132,chr11,p,fwd
867,105,1958,19907,chr11,q,rev
868,105,1822,18072,chr11,q,rev
869,105,2718,19609,chr11,q,rev
870,105,4020,20644,chr11,q,rev
871,105,1554,17124,chr11,q,rev
872,105,4176,21472,chr11,q,rev
873,105,1769,18122,chr11,q,rev
874,105,1910,10421,chr11,q,rev
875,105,1209,5872,chr11,q,rev
876,105,1614,5728,chr12,p,fwd
877,105,2955,12283,chr12,p,fwd
878,105,1071,10072,chr12,p,fwd
879,105,2532,11039,chr12,p,fwd
880,105,4134,12432,chr12,p,fwd
881,105,1708,10705,chr12,p,fwd
882,105,2864,12009,chr12,p,fwd
883,105,2467,11372,chr12,p,fwd
884,105,4375,12812,chr12,p,fwd
885,105,1851,10781,chr12,p,fwd
886,105,1072,2637,chr12,q,rev
887,105,1108,2771,chr12,q,rev
888,105,1432,4669,chr12,q,rev
889,105,1332,4686,chr12,q,rev
890,105,520,3540,chr12,q,rev
891,105,986,3934,chr12,q,rev
892,105,670,3636,chr12,q,rev
893,105,5717,8395,chr12,q,rev
894,105,1096,1747,chr12,q,rev
895,105,410,5607,chr13,q,rev
896,105,2120,6716,chr13,q,rev
897,105,3045,8252,chr13,q,rev
898,105,4354,9479,chr13,q,rev
899,105,2160,6623,chr13,q,rev
900,105,378,4811,chr13,q,rev
901,105,1639,6043,chr13,q,rev
902,105,4474,10177,chr14,p,fwd
903,105,499,5809,chr14,p,fwd
904,105,5856,11381,chr14,p,fwd
905,105,7314,13169,chr14,p,fwd
906,105,7584,18875,chr14,q,rev
907,105,5833,16632,chr14,q,rev
908,105,4062,15524,chr14,q,rev
909,105,4646,15775,chr14,q,rev
910,105,3067,14312,chr14,q,rev
911,105,4252,16124,chr14,q,rev
912,105,1662,9434,chr14,q,rev
913,105,1662,9434,chr14,q,rev
914,105,1910,10421,chr14,q,rev
915,105,5717,8395,chr15,p,fwd
916,105,2550,7934,chr15,p,fwd
917,105,3215,9013,chr15,p,fwd
918,105,1898,7536,chr15,p,fwd
919,105,3226,9158,chr15,p,fwd
920,105,4539,6626,chr15,p,fwd
921,105,3493,9719,chr15,p,fwd
922,105,3385,9232,chr15,p,fwd
923,105,5271,18559,chr15,p,fwd
924,105,1875,7311,chr15,p,fwd
925,105,2675,4018,chr15,p,fwd
926,105,3593,16749,chr15,p,fwd
927,105,8699,34784,chr15,p,fwd
928,105,10469,17277,chr15,p,fwd
929,105,1572,10119,chr15,q,rev
930,105,5707,14993,chr15,q,rev
931,105,1395,3216,chr15,q,rev
932,105,1752,10083,chr15,q,rev
933,105,1518,9921,chr15,q,rev
934,105,1578,10650,chr15,q,rev
935,105,2076,10130,chr16,p,fwd
936,105,2287,11345,chr16,p,fwd
937,105,2052,11213,chr16,p,fwd
938,105,1646,11040,chr16,p,fwd
939,105,2363,11364,chr16,p,fwd
940,105,1330,5685,chr16,p,fwd
941,105,1761,10583,chr16,p,fwd
942,105,3493,9719,chr16,q,rev
943,105,1349,5843,chr16,q,rev
944,105,2237,7214,chr16,q,rev
945,105,3077,9090,chr16,q,rev
946,105,3397,9313,chr16,q,rev
947,105,1209,5872,chr16,q,rev
948,105,2849,8919,chr16,q,rev
949,105,1391,6461,chr16,q,rev
950,105,1714,6361,chr16,q,rev
951,105,1656,6315,chr16,q,rev
952,105,1630,6536,chr16,q,rev
953,105,6849,13639,chr16,q,rev
954,105,1853,6508,chr16,q,rev
955,105,3723,9606,chr16,q,rev
956,105,1992,4947,chr16,q,rev
957,105,2651,5740,chr16,q,rev
958,105,1426,6216,chr16,q,rev
959,105,1746,10002,chr17,p,fwd
960,105,1307,7135,chr17,p,fwd
961,105,1887,12423,chr17,p,fwd
962,105,1936,5960,chr17,p,fwd
963,105,2026,14585,chr17,p,fwd
964,105,2019,9338,chr17,q,rev
965,105,453,5380,chr17,q,rev
966,105,2417,7452,chr17,q,rev
967,105,2074,7066,chr17,q,rev
968,105,1991,6853,chr17,q,rev
969,105,1142,6269,chr17,q,rev
970,105,315,4787,chr17,q,rev
971,105,1536,6733,chr17,q,rev
972,105,2342,7850,chr17,q,rev
973,105,1621,6868,chr17,q,rev
974,105,2082,7022,chr17,q,rev
975,105,2128,7264,chr17,q,rev
976,105,1246,6609,chr17,q,rev
977,105,3468,8513,chr17,q,rev
978,105,1183,6151,chr17,q,rev
979,105,2387,7708,chr17,q,rev
980,105,1777,3742,chr17,q,rev
981,105,4346,17843,chr18,p,fwd
982,105,2222,15028,chr18,p,fwd
983,105,6284,19585,chr18,p,fwd
984,105,3120,24654,chr18,p,fwd
985,105,2884,16091,chr18,p,fwd
986,105,3457,16278,chr18,p,fwd
987,105,1662,9434,chr18,q,rev
988,105,2488,10671,chr18,q,rev
989,105,2759,10782,chr18,q,rev
990,105,1982,9915,chr18,q,rev
991,105,2333,10978,chr18,q,rev
992,105,940,9015,chr18,q,rev
993,105,1043,8808,chr18,q,rev
994,105,2807,10817,chr18,q,rev
995,105,2203,8485,chr18,q,rev
996,105,3230,8871,chr18,q,rev
997,105,6849,13639,chr18,q,rev
998,105,5799,13588,chr18,q,rev
999,105,3818,12361,chr18,q,rev
1000,105,2342,7850,chr19,p,fwd
1001,105,1975,6555,chr19,p,fwd
1002,105,1656,6315,chr19,p,fwd
1003,105,1598,6311,chr19,p,fwd
1004,105,3948,13088,chr19,p,fwd
1005,105,4176,13314,chr19,p,fwd
1006,105,2585,11950,chr19,p,fwd
1007,105,693,5411,chr19,q,rev
1008,105,391,4856,chr19,q,rev
1009,105,744,5670,chr19,q,rev
1010,105,2581,6981,chr19,q,rev
1011,105,1843,6004,chr19,q,rev
1012,105,2823,3577,chr19,q,rev
1013,105,655,2210,chr19,q,rev
1014,105,2682,3786,chr19,q,rev
1015,105,6024,19490,chr19,q,rev
1016,105,2181,17684,chr19,q,rev
1017,105,2168,7238,chr19,q,rev
1018,105,1621,6868,chr19,q,rev
1019,105,2941,8475,chr19,q,rev
1020,105,4140,17843,chr19,q,rev
1021,105,2955,12283,chr19,q,rev
1022,105,4375,12812,chr19,q,rev
1023,105,2608,7557,chr19,q,rev
1024,105,1307,7135,chr19,q,rev
1025,105,6488,21687,chr19,q,rev
1026,105,5707,14993,chr19,q,rev
1027,105,2132,7301,chr20,p,fwd
1028,105,2155,7105,chr20,p,fwd
1029,105,1824,6764,chr20,p,fwd
1030,105,2131,7010,chr20,p,fwd
1031,105,2345,16540,chr20,p,fwd
1032,105,1356,16403,chr20,q,rev
1033,105,2752,12050,chr20,q,rev
1034,105,2029,11004,chr20,q,rev
1035,105,1515,10262,chr20,q,rev
1036,105,1075,9610,chr20,q,rev
1037,105,4074,13150,chr20,q,rev
1038,105,3190,9387,chr20,q,rev
1039,105,450,3167,chr20,q,rev
1040,105,710,3338,chr20,q,rev
1041,105,1473,3605,chr20,q,rev
1042,105,3457,16278,chr20,q,rev
1043,105,2864,12009,chr20,q,rev
1044,105,2333,10978,chr21,p,fwd
1045,105,12649,23146,chr21,p,fwd
1046,105,7286,14424,chr21,p,fwd
1047,105,1856,6611,chr21,q,rev
1048,105,1527,3154,chr21,q,rev
1049,105,4134,12432,chr22,p,fwd
1050,105,655,5783,chr22,p,fwd
1051,105,3198,9214,chr22,p,fwd
1052,105,6589,16947,chr22,p,fwd
1053,105,5370,10375,chr22,p,fwd
1054,105,6160,16592,chr22,p,fwd
1055,105,4467,14652,chr22,p,fwd
1056,105,7087,17076,chr22,p,fwd
1057,105,5219,15425,chr22,p,fwd
1058,105,2345,16540,chr22,q,rev
1059,105,1888,7141,chr22,q,rev
1060,105,2132,7301,chr22,q,rev
1061,105,744,5893,chr22,q,rev
1062,105,655,5783,chr22,q,rev
1063,105,2003,6972,chr22,q,rev
1064,105,779,5646,chr22,q,rev
1065,105,1777,3742,chr22,q,rev
1066,105,1331,2771,chr22,q,rev
1067,105,2730,4389,chr22,q,rev
1068,105,1381,3021,chr22,q,rev
1069,105,1475,3153,chr22,q,rev
1070,105,3295,19326,chrX,p,fwd
1071,105,3349,10529,chrX,p,fwd
1072,105,5113,21213,chrX,p,fwd
1073,105,2076,10130,chrX,q,rev
1074,105,1096,1747,chrY,p,fwd
1075,105,2900,19023,chrY,p,fwd
1076,105,3295,19326,chrY,p,fwd
1077,105,3106,10322,chrY,p,fwd
1078,105,3349,10529,chrY,p,fwd
1079,105,5113,21213,chrY,p,fwd
1080,105,2181,17684,chrY,p,fwd
1081,105,4375,12812,chrY,q,rev
1082,105,2532,11039,chrY,q,rev
1083,105,2178,6838,alt1_q_0,q,fwd
1084,105,1803,6301,alt1_q_0,q,fwd
1085,105,4369,17684,alt4_p_0,p,fwd
1086,105,6489,19996,alt4_p_0,p,fwd
1087,105,637,5632,alt5_p_0,p,fwd
1088,105,407,4918,alt5_q_0,q,fwd
1089,105,432,5080,alt5_q_0,q,fwd
1090,105,1080,9916,alt9_p_0,p,fwd
1091,105,1492,10395,alt9_p_0,p,fwd
1092,105,1187,9994,alt9_p_0,p,fwd
1093,105,1244,10083,alt9_p_0,p,fwd
1094,105,972,10033,alt9_p_0,p,fwd
1095,105,1172,9863,alt9_p_0,p,fwd
1096,105,800,9584,alt9_p_0,p,fwd
1097,105,1099,9919,alt9_p_0,p,fwd
1098,105,1199,9845,alt9_p_0,p,fwd
1099,105,973,9815,alt9_p_0,p,fwd
1100,105,996,9832,alt9_p_0,p,fwd
1101,105,1448,10404,alt9_p_0,p,fwd
1102,105,1500,10483,alt9_p_0,p,fwd
1103,105,1496,10481,alt9_p_0,p,fwd
1104,105,992,9985,alt9_p_0,p,fwd
1105,105,832,9550,alt9_p_0,p,fwd
1106,105,1769,18122,alt11_q_0,q,fwd
1107,105,1554,17124,alt11_q_0,q,fwd
1108,105,1822,18072,alt11_q_0,q,fwd
1109,105,1470,3154,alt12_q_0,q,fwd
1110,105,676,2339,alt12_q_0,q,fwd
1111,105,1108,2771,alt12_q_0,q,fwd
1112,105,1072,2637,alt12_q_0,q,fwd
1113,105,378,4811,alt13_q_0,q,fwd
1114,105,2160,6623,alt13_q_0,q,fwd
1115,105,683,4812,alt15_q_0,q,fwd
1116,105,1105,9706,alt15_q_0,q,fwd
1117,105,1561,10208,alt16_p_0,p,fwd
1118,105,838,9424,alt16_p_0,p,fwd
1119,105,1289,10004,alt16_p_0,p,fwd
1120,105,1598,6311,alt16_q_0,q,fwd
1121,105,940,9015,alt18_q_0,q,fwd
1122,105,1183,9279,alt19_p_0,p,fwd
1123,105,969,9183,alt19_p_0,p,fwd
1124,105,991,9373,alt19_p_0,p,fwd
1125,105,1089,9244,alt19_p_0,p,fwd
1126,105,1213,9593,alt19_p_0,p,fwd
1127,105,771,9158,alt19_p_0,p,fwd
1128,105,1047,9374,alt19_p_0,p,fwd
1129,105,1366,9784,alt19_p_0,p,fwd
1130,105,1182,9612,alt19_p_0,p,fwd
1131,105,2143,10683,alt19_p_0,p,fwd
1132,105,332,4403,alt19_q_0,q,fwd
1133,105,3634,8115,alt19_q_0,q,fwd
1134,105,2391,6505,alt19_q_0,q,fwd
1135,105,1435,5302,alt19_q_0,q,fwd
1136,105,1614,5728,alt19_q_0,q,fwd
1137,105,1997,6062,alt19_q_0,q,fwd
1138,105,2532,7333,alt21_q_0,q,fwd
1139,105,985,5708,alt22_q_0,q,fwd
1140,66,6450,12686,chr1,p,fwd
1141,66,2505,8271,chr1,p,fwd
1142,66,5864,10214,chr1,p,fwd
1143,66,2873,7247,chr1,p,fwd
1144,66,4996,7131,chr1,p,fwd
1145,66,3293,4945,chr1,p,fwd
1146,66,4851,6696,chr1,p,fwd
1147,66,11497,22637,chr1,p,fwd
1148,66,4529,8470,chr1,p,fwd
1149,66,4061,8032,chr1,p,fwd
1150,66,2153,6657,chr1,p,fwd
1151,66,2958,6751,chr1,p,fwd
1152,66,2199,3245,chr1,p,fwd
1153,66,2894,7284,chr1,p,fwd
1154,66,3557,7938,chr1,p,fwd
1155,66,2526,6885,chr1,p,fwd
1156,66,4605,8381,chr1,p,fwd
1157,66,4866,8618,chr1,p,fwd
1158,66,3858,8603,chr1,q,rev
1159,66,6340,11828,chr1,q,rev
1160,66,7415,13515,chr1,q,rev
1161,66,3345,8544,chr1,q,rev
1162,66,3614,8670,chr1,q,rev
1163,66,4599,9291,chr1,q,rev
1164,66,5509,10944,chr1,q,rev
1165,66,4702,10013,chr1,q,rev
1166,66,8641,14476,chr1,q,rev
1167,66,4192,8978,chr1,q,rev
1168,66,3406,8406,chr1,q,rev
1169,66,8035,13517,chr1,q,rev
1170,66,4275,7019,chr1,q,rev
1171,66,3029,10958,chr1,q,rev
1172,66,2457,11040,chr1,q,rev
1173,66,3858,8603,chr1,q,rev
1174,66,1877,11063,chr2,p,fwd
1175,66,309,1939,chr2,p,fwd
1176,66,4514,6018,chr2,p,fwd
1177,66,2206,6212,chr2,p,fwd
1178,66,6200,10360,chr2,p,fwd
1179,66,3043,6697,chr2,p,fwd
1180,66,5972,10033,chr2,p,fwd
1181,66,3347,7346,chr2,p,fwd
1182,66,5864,10214,chr2,p,fwd
1183,66,2876,6387,chr2,p,fwd
1184,66,5237,10578,chr2,q,rev
1185,66,3446,5439,chr3,p,fwd
1186,66,5721,7685,chr3,p,fwd
1187,66,4851,6696,chr3,p,fwd
1188,66,3954,5826,chr3,p,fwd
1189,66,4943,7171,chr3,p,fwd
1190,66,3804,12750,chr3,q,rev
1191,66,4434,12775,chr3,q,rev
1192,66,5674,14206,chr3,q,rev
1193,66,2389,11139,chr3,q,rev
1194,66,6714,10601,chr3,q,rev
1195,66,604,4407,chr3,q,rev
1196,66,221,4253,chr3,q,rev
1197,66,4386,18076,chr4,p,fwd
1198,66,5189,10267,chr4,p,fwd
1199,66,3557,7938,chr4,p,fwd
1200,66,5238,18865,chr4,p,fwd
1201,66,7945,9248,chr4,p,fwd
1202,66,7433,17873,chr4,p,fwd
1203,66,6920,17099,chr4,p,fwd
1204,66,8048,18603,chr4,p,fwd
1205,66,9693,16913,chr4,p,fwd
1206,66,10799,22767,chr4,p,fwd
1207,66,4308,9322,chr4,q,rev
1208,66,7415,13515,chr4,q,rev
1209,66,3539,8795,chr4,q,rev
1210,66,8641,14476,chr4,q,rev
1211,66,8035,13517,chr4,q,rev
1212,66,3072,15731,chr5,q,rev
1213,66,5163,11282,chr5,q,rev
1214,66,4576,10375,chr5,q,rev
1215,66,3315,9040,chr5,q,rev
1216,66,4990,10619,chr5,q,rev
1217,66,3925,8627,chr5,q,rev
1218,66,2608,7418,chr5,q,rev
1219,66,3444,9905,chr5,q,rev
1220,66,2467,7818,chr5,q,rev
1221,66,4103,10194,chr5,q,rev
1222,66,3501,9259,chr5,q,rev
1223,66,3152,8195,chr5,q,rev
1224,66,3015,7603,chr5,q,rev
1225,66,2417,7062,chr5,q,rev
1226,66,5482,10549,chr5,q,rev
1227,66,4403,10091,chr5,q,rev
1228,66,4883,8213,chr5,q,rev
1229,66,2505,8271,chr6,q,rev
1230,66,4061,8032,chr6,q,rev
1231,66,2269,6618,chr6,q,rev
1232,66,2153,6657,chr6,q,rev
1233,66,604,4407,chr6,q,rev
1234,66,5483,9388,chr6,q,rev
1235,66,3075,7664,chr6,q,rev
1236,66,4605,8381,chr6,q,rev
1237,66,2487,7001,chr6,q,rev
1238,66,2526,6885,chr6,q,rev
1239,66,2894,7284,chr6,q,rev
1240,66,4103,10194,chr7,p,fwd
1241,66,3315,9040,chr7,p,fwd
1242,66,4403,10091,chr7,p,fwd
1243,66,3501,9259,chr7,p,fwd
1244,66,3755,8213,chr7,p,fwd
1245,66,2852,7946,chr7,p,fwd
1246,66,702,3672,chr7,q,rev
1247,66,1752,4742,chr7,q,rev
1248,66,1696,3627,chr7,q,rev
1249,66,3015,14173,chr8,q,rev
1250,66,3149,10396,chr8,q,rev
1251,66,1945,9599,chr8,q,rev
1252,66,2907,10030,chr8,q,rev
1253,66,2457,11040,chr8,q,rev
1254,66,2497,9648,chr8,q,rev
1255,66,2931,10778,chr8,q,rev
1256,66,3029,10958,chr8,q,rev
1257,66,5163,11282,chr8,q,rev
1258,66,6340,11828,chr9,p,fwd
1259,66,5238,18865,chr9,p,fwd
1260,66,2852,7946,chr9,p,fwd
1261,66,2630,11721,chr9,p,fwd
1262,66,3888,8953,chr9,p,fwd
1263,66,2462,21157,chr9,p,fwd
1264,66,3848,20217,chr9,p,fwd
1265,66,3803,10437,chr9,p,fwd
1266,66,3022,16042,chr9,p,fwd
1267,66,1877,11063,chr9,p,fwd
1268,66,5509,10944,chr9,p,fwd
1269,66,2827,11988,chr9,p,fwd
1270,66,2724,11453,chr9,p,fwd
1271,66,309,1939,chr9,p,fwd
1272,66,1866,10689,chr9,p,fwd
1273,66,4354,13529,chr9,p,fwd
1274,66,2329,11194,chr9,p,fwd
1275,66,4186,13244,chr9,p,fwd
1276,66,2630,11721,chr9,p,fwd
1277,66,4730,13974,chr9,p,fwd
1278,66,2986,12257,chr9,p,fwd
1279,66,4871,14257,chr9,p,fwd
1280,66,1275,10148,chr9,p,fwd
1281,66,2505,9960,chr9,p,fwd
1282,66,3757,12700,chr9,p,fwd
1283,66,3395,11541,chr9,p,fwd
1284,66,2404,11239,chr9,p,fwd
1285,66,2784,11406,chr9,p,fwd
1286,66,2443,11266,chr9,p,fwd
1287,66,2059,10827,chr9,p,fwd
1288,66,3886,12981,chr9,p,fwd
1289,66,2559,11409,chr9,p,fwd
1290,66,3304,12327,chr9,p,fwd
1291,66,1705,10511,chr9,p,fwd
1292,66,2178,11017,chr9,p,fwd
1293,66,2424,11037,chr9,p,fwd
1294,66,2091,11237,chr9,p,fwd
1295,66,4883,8213,chr9,q,rev
1296,66,4504,17438,chr10,p,fwd
1297,66,4504,17438,chr10,p,fwd
1298,66,4773,18032,chr10,p,fwd
1299,66,3836,16955,chr10,p,fwd
1300,66,2724,8297,chr10,p,fwd
1301,66,3561,16918,chr10,p,fwd
1302,66,4616,17754,chr10,p,fwd
1303,66,5848,19134,chr10,p,fwd
1304,66,4339,8777,chr10,q,rev
1305,66,3755,8213,chr10,q,rev
1306,66,3152,8195,chr10,q,rev
1307,66,4853,14354,chr11,p,fwd
1308,66,1230,9787,chr11,p,fwd
1309,66,2980,12156,chr11,p,fwd
1310,66,2109,10459,chr11,p,fwd
1311,66,5038,13841,chr11,p,fwd
1312,66,5894,15137,chr11,p,fwd
1313,66,2156,11260,chr11,p,fwd
1314,66,2018,10732,chr11,p,fwd
1315,66,4702,10013,chr11,p,fwd
1316,66,3616,12221,chr11,p,fwd
1317,66,4434,12775,chr11,p,fwd
1318,66,2332,10843,chr11,p,fwd
1319,66,3842,12223,chr11,p,fwd
1320,66,1379,10039,chr11,p,fwd
1321,66,6953,16757,chr11,p,fwd
1322,66,2359,7899,chr11,p,fwd
1323,66,4344,12824,chr11,p,fwd
1324,66,6032,22807,chr11,q,rev
1325,66,3884,20320,chr11,q,rev
1326,66,5955,23822,chr11,q,rev
1327,66,3544,20208,chr11,q,rev
1328,66,2404,11239,chr12,p,fwd
1329,66,1866,10689,chr12,p,fwd
1330,66,4730,13974,chr12,p,fwd
1331,66,4871,14257,chr12,p,fwd
1332,66,3886,12981,chr12,p,fwd
1333,66,1948,4024,chr12,p,fwd
1334,66,2091,11237,chr12,p,fwd
1335,66,1883,3768,chr12,q,rev
1336,66,1696,3627,chr12,q,rev
1337,66,3229,7923,chr12,q,rev
1338,66,2456,5614,chr12,q,rev
1339,66,2380,5479,chr12,q,rev
1340,66,2706,6045,chr12,q,rev
1341,66,2287,5434,chr12,q,rev
1342,66,3293,4945,chr12,q,rev
1343,66,5182,21147,chr13,p,fwd
1344,66,1560,10146,chr13,q,rev
1345,66,2462,21157,chr13,q,rev
1346,66,4226,17196,chr13,q,rev
1347,66,6229,11186,chr13,q,rev
1348,66,6415,11488,chr13,q,rev
1349,66,4811,9546,chr13,q,rev
1350,66,5243,10555,chr13,q,rev
1351,66,4495,6957,chr13,q,rev
1352,66,3544,20208,chr13,q,rev
1353,66,11158,17055,chr14,p,fwd
1354,66,7184,12797,chr14,p,fwd
1355,66,12089,18374,chr14,p,fwd
1356,66,11497,22637,chr14,q,rev
1357,66,7331,18589,chr14,q,rev
1358,66,2622,13570,chr14,q,rev
1359,66,11952,23533,chr14,q,rev
1360,66,6086,11092,chr14,q,rev
1361,66,3444,9905,chr15,p,fwd
1362,66,3804,12750,chr15,q,rev
1363,66,2156,11260,chr15,q,rev
1364,66,2359,7899,chr15,q,rev
1365,66,5867,10084,chr15,q,rev
1366,66,3395,11541,chr16,p,fwd
1367,66,3757,12700,chr16,p,fwd
1368,66,3304,12327,chr16,p,fwd
1369,66,3072,15731,chr16,q,rev
1370,66,5163,11282,chr16,q,rev
1371,66,4576,10375,chr16,q,rev
1372,66,3444,9905,chr16,q,rev
1373,66,2467,7818,chr16,q,rev
1374,66,2417,7062,chr16,q,rev
1375,66,3015,7603,chr17,p,fwd
1376,66,4525,14499,chr17,p,fwd
1377,66,4963,14857,chr17,p,fwd
1378,66,6450,12686,chr17,p,fwd
1379,66,3345,8544,chr17,q,rev
1380,66,2923,8194,chr17,q,rev
1381,66,3406,8406,chr17,q,rev
1382,66,3128,4724,chr18,p,fwd
1383,66,7980,21673,chr18,p,fwd
1384,66,2305,10113,chr18,q,rev
1385,66,3283,11034,chr18,q,rev
1386,66,4415,12335,chr18,q,rev
1387,66,2986,12257,chr18,q,rev
1388,66,3152,8195,chr19,p,fwd
1389,66,4853,14354,chr19,p,fwd
1390,66,6953,16757,chr19,p,fwd
1391,66,7980,21673,chr19,q,rev
1392,66,2389,11139,chr19,q,rev
1393,66,2156,11260,chr19,q,rev
1394,66,8048,18603,chr19,q,rev
1395,66,4871,14257,chr19,q,rev
1396,66,2178,11017,chr19,q,rev
1397,66,4474,19974,chr19,q,rev
1398,66,2980,12156,chr19,q,rev
1399,66,2091,11237,chr19,q,rev
1400,66,3888,8953,chr19,q,rev
1401,66,2332,10843,chr19,q,rev
1402,66,6077,21427,chr19,q,rev
1403,66,2724,8297,chr19,q,rev
1404,66,5674,14206,chr19,q,rev
1405,66,4275,7019,chr19,q,rev
1406,66,4599,9291,chr19,q,rev
1407,66,3614,8670,chr20,p,fwd
1408,66,4475,9484,chr20,p,fwd
1409,66,4510,9339,chr20,p,fwd
1410,66,3811,8842,chr20,p,fwd
1411,66,4428,9333,chr20,p,fwd
1412,66,1705,10511,chr20,q,rev
1413,66,2784,11406,chr20,q,rev
1414,66,1948,4024,chr20,q,rev
1415,66,4866,8618,chr20,q,rev
1416,66,3501,9259,chr20,q,rev
1417,66,2606,3717,chr20,q,rev
1418,66,4514,6018,chr20,q,rev
1419,66,2178,11017,chr20,q,rev
1420,66,2424,11037,chr20,q,rev
1421,66,2018,10732,chr20,q,rev
1422,66,7004,10591,chr21,p,fwd
1423,66,6077,21427,chr21,q,rev
1424,66,3811,8842,chr21,q,rev
1425,66,7433,17873,chr22,p,fwd
1426,66,7004,10591,chr22,p,fwd
1427,66,6920,17099,chr22,p,fwd
1428,66,8048,18603,chr22,p,fwd
1429,66,9693,16913,chr22,p,fwd
1430,66,10799,22767,chr22,p,fwd
1431,66,4308,9322,chr22,q,rev
1432,66,4475,9484,chr22,q,rev
1433,66,3539,8795,chr22,q,rev
1434,66,4702,10013,chr22,q,rev
1435,66,2923,8194,chr22,q,rev
1436,66,1696,3627,chr22,q,rev
1437,66,3845,20114,chrX,p,fwd
1438,66,4816,19684,chrY,p,fwd
1439,66,6077,21427,chrY,p,fwd
1440,66,3845,20114,chrY,p,fwd
1441,66,3803,10437,chrY,p,fwd
1442,66,3052,16916,chrY,p,fwd
1443,66,6340,11828,alt1_q_0,q,fwd
1444,66,4275,7019,alt1_q_0,q,fwd
1445,66,4192,8978,alt1_q_0,q,fwd
1446,66,6714,10601,alt4_p_0,p,fwd
1447,66,5238,18865,alt4_p_0,p,fwd
1448,66,7945,9248,alt4_p_0,p,fwd
1449,66,5482,10549,alt5_q_0,q,fwd
1450,66,1883,3768,alt12_q_0,q,fwd
1451,66,1379,10039,alt15_q_0,q,fwd
1452,66,2724,11453,alt16_p_0,p,fwd
1453,66,2424,11037,alt16_p_0,p,fwd
1454,66,1230,9787,alt19_p_0,p,fwd
1455,66,5237,10578,alt19_q_0,q,fwd
1456,66,4510,9339,alt21_q_0,q,fwd
1457,66,4428,9333,alt21_q_0,q,fwd
1458,78,2311,6820,chr1,p,fwd
1459,78,4035,6054,chr1,p,fwd
1460,78,2374,5849,chr1,p,fwd
1461,78,3616,4836,chr1,p,fwd
1462,78,2321,6663,chr1,p,fwd
1463,78,4023,7810,chr1,p,fwd
1464,78,3794,7524,chr1,p,fwd
1465,78,3149,7985,chr1,p,fwd
1466,78,3323,7124,chr1,p,fwd
1467,78,1963,6433,chr1,p,fwd
1468,78,2863,6131,chr1,p,fwd
1469,78,2187,6400,chr1,p,fwd
1470,78,2758,6391,chr1,p,fwd
1471,78,3077,6972,chr1,p,fwd
1472,78,2963,6255,chr1,p,fwd
1473,78,4079,7768,chr1,p,fwd
1474,78,5449,9641,chr1,p,fwd
1475,78,2723,8259,chr1,q,rev
1476,78,9495,14695,chr1,q,rev
1477,78,2936,7686,chr1,q,rev
1478,78,1961,6962,chr1,q,rev
1479,78,2227,7453,chr1,q,rev
1480,78,2734,7606,chr1,q,rev
1481,78,4349,9333,chr1,q,rev
1482,78,2215,7583,chr1,q,rev
1483,78,1680,7158,chr1,q,rev
1484,78,2007,7439,chr1,q,rev
1485,78,3531,9031,chr1,q,rev
1486,78,3785,9104,chr1,q,rev
1487,78,1404,5985,chr1,q,rev
1488,78,2210,11604,chr1,q,rev
1489,78,11710,23088,chr1,q,rev
1490,78,2531,6539,chr1,q,rev
1491,78,2936,7686,chr1,q,rev
1492,78,3780,5716,chr1,q,rev
1493,78,1769,8882,chr2,p,fwd
1494,78,434,1372,chr2,p,fwd
1495,78,1877,2795,chr2,p,fwd
1496,78,434,1372,chr2,p,fwd
1497,78,480,4410,chr2,p,fwd
1498,78,818,1590,chr2,p,fwd
1499,78,1510,5399,chr2,p,fwd
1500,78,2367,5989,chr2,p,fwd
1501,78,1358,5118,chr2,p,fwd
1502,78,1743,2532,chr2,p,fwd
1503,78,5050,6487,chr2,p,fwd
1504,78,627,5128,chr2,q,rev
1505,78,1635,6538,chr2,q,rev
1506,78,2106,6676,chr2,q,rev
1507,78,1364,5985,chr2,q,rev
1508,78,2288,10842,chr2,q,rev
1509,78,1854,8737,chr3,p,fwd
1510,78,928,1453,chr3,p,fwd
1511,78,4730,6781,chr3,p,fwd
1512,78,4035,6054,chr3,p,fwd
1513,78,4148,6062,chr3,p,fwd
1514,78,3780,5716,chr3,p,fwd
1515,78,3080,12382,chr3,q,rev
1516,78,1107,8590,chr3,q,rev
1517,78,3002,4905,chr3,q,rev
1518,78,1769,8882,chr3,q,rev
1519,78,2598,11761,chr4,p,fwd
1520,78,2138,5318,chr4,p,fwd
1521,78,4346,13905,chr4,p,fwd
1522,78,8084,20704,chr4,p,fwd
1523,78,9115,14448,chr4,p,fwd
1524,78,4244,14072,chr4,p,fwd
1525,78,4322,18001,chr4,p,fwd
1526,78,3970,17485,chr4,p,fwd
1527,78,12998,23953,chr4,p,fwd
1528,78,5665,15934,chr4,p,fwd
1529,78,5678,16361,chr4,p,fwd
1530,78,8032,18751,chr4,p,fwd
1531,78,8654,17475,chr4,p,fwd
1532,78,9495,14695,chr4,q,rev
1533,78,1877,2795,chr5,p,fwd
1534,78,3954,4974,chr5,p,fwd
1535,78,818,1590,chr5,p,fwd
1536,78,3616,4836,chr5,p,fwd
1537,78,3007,10444,chr5,q,rev
1538,78,2634,7257,chr5,q,rev
1539,78,3880,8983,chr5,q,rev
1540,78,2786,8811,chr5,q,rev
1541,78,2279,7674,chr5,q,rev
1542,78,1981,6527,chr5,q,rev
1543,78,1893,7317,chr5,q,rev
1544,78,2980,9097,chr5,q,rev
1545,78,2614,7179,chr5,q,rev
1546,78,8132,15441,chr5,q,rev
1547,78,2249,6903,chr5,q,rev
1548,78,1997,6528,chr5,q,rev
1549,78,2292,7150,chr5,q,rev
1550,78,2780,7495,chr5,q,rev
1551,78,6343,13278,chr5,q,rev
1552,78,3003,8997,chr5,q,rev
1553,78,3520,9094,chr5,q,rev
1554,78,4531,10535,chr5,q,rev
1555,78,4124,9363,chr5,q,rev
1556,78,4327,10799,chr5,q,rev
1557,78,3380,7985,chr5,q,rev
1558,78,1384,5090,chr5,q,rev
1559,78,4159,5886,chr5,q,rev
1560,78,3149,7985,chr6,q,rev
1561,78,2187,6400,chr6,q,rev
1562,78,1608,6151,chr6,q,rev
1563,78,3323,7124,chr6,q,rev
1564,78,3794,7524,chr6,q,rev
1565,78,2363,6666,chr6,q,rev
1566,78,2311,6820,chr6,q,rev
1567,78,1963,6433,chr6,q,rev
1568,78,3077,6972,chr6,q,rev
1569,78,5449,9641,chr6,q,rev
1570,78,4023,7810,chr6,q,rev
1571,78,2321,6663,chr6,q,rev
1572,78,2669,7037,chr6,q,rev
1573,78,1821,6391,chr6,q,rev
1574,78,1722,6338,chr6,q,rev
1575,78,4114,4707,chr6,q,rev
1576,78,7435,14754,chr7,p,fwd
1577,78,3003,8997,chr7,p,fwd
1578,78,3222,6717,chr7,p,fwd
1579,78,3880,8983,chr7,p,fwd
1580,78,4159,5886,chr7,p,fwd
1581,78,4124,9363,chr7,p,fwd
1582,78,2202,5225,chr7,q,rev
1583,78,3300,6324,chr7,q,rev
1584,78,2770,5616,chr7,q,rev
1585,78,583,3818,chr7,q,rev
1586,78,2396,5650,chr7,q,rev
1587,78,3127,20828,chr8,q,rev
1588,78,2309,12294,chr8,q,rev
1589,78,1842,9262,chr8,q,rev
1590,78,1834,9043,chr8,q,rev
1591,78,767,8375,chr8,q,rev
1592,78,2434,9648,chr8,q,rev
1593,78,4421,12595,chr8,q,rev
1594,78,2722,10519,chr8,q,rev
1595,78,1317,8683,chr8,q,rev
1596,78,2399,9530,chr8,q,rev
1597,78,1769,8882,chr8,q,rev
1598,78,2729,10624,chr8,q,rev
1599,78,1854,8737,chr8,q,rev
1600,78,2531,6539,chr8,q,rev
1601,78,4327,10799,chr8,q,rev
1602,78,4531,10535,chr8,q,rev
1603,78,11001,17082,chr8,q,rev
1604,78,3862,17076,chr8,q,rev
1605,78,2997,16054,chr8,q,rev
1606,78,3970,17485,chr9,p,fwd
1607,78,1404,5985,chr9,p,fwd
1608,78,2581,11399,chr9,p,fwd
1609,78,1335,10324,chr9,p,fwd
1610,78,2980,9097,chr9,p,fwd
1611,78,1727,11100,chr9,p,fwd
1612,78,2530,11648,chr9,p,fwd
1613,78,1308,10129,chr9,p,fwd
1614,78,1680,7158,chr9,p,fwd
1615,78,1131,9502,chr9,p,fwd
1616,78,1300,9800,chr9,p,fwd
1617,78,4034,13451,chr9,p,fwd
1618,78,1476,10711,chr9,p,fwd
1619,78,1423,12298,chr9,p,fwd
1620,78,1617,10333,chr9,p,fwd
1621,78,1957,10927,chr9,p,fwd
1622,78,4542,13781,chr9,p,fwd
1623,78,2044,11031,chr9,p,fwd
1624,78,4322,17737,chr9,p,fwd
1625,78,2007,10839,chr9,p,fwd
1626,78,3335,12405,chr9,p,fwd
1627,78,1728,10136,chr9,p,fwd
1628,78,2327,3609,chr9,p,fwd
1629,78,2516,11595,chr9,p,fwd
1630,78,2301,11418,chr9,p,fwd
1631,78,1802,10846,chr9,p,fwd
1632,78,1299,10117,chr9,p,fwd
1633,78,2204,10737,chr9,p,fwd
1634,78,8132,15441,chr9,q,rev
1635,78,6343,13278,chr9,q,rev
1636,78,2204,10737,chr10,p,fwd
1637,78,3617,16716,chr10,p,fwd
1638,78,3753,7086,chr10,p,fwd
1639,78,3862,17076,chr10,p,fwd
1640,78,3691,10105,chr10,p,fwd
1641,78,2997,16054,chr10,p,fwd
1642,78,3477,5334,chr10,q,rev
1643,78,4124,9363,chr10,q,rev
1644,78,3048,11667,chr11,p,fwd
1645,78,1263,9642,chr11,p,fwd
1646,78,6571,15680,chr11,p,fwd
1647,78,3529,12964,chr11,p,fwd
1648,78,851,8903,chr11,p,fwd
1649,78,2018,10364,chr11,p,fwd
1650,78,3611,11761,chr11,p,fwd
1651,78,1584,10085,chr11,p,fwd
1652,78,1596,10338,chr11,p,fwd
1653,78,1650,10131,chr11,p,fwd
1654,78,1300,9800,chr11,p,fwd
1655,78,5493,14676,chr11,p,fwd
1656,78,1671,10258,chr11,p,fwd
1657,78,2238,10860,chr11,p,fwd
1658,78,2486,12522,chr11,p,fwd
1659,78,3542,22790,chr11,q,rev
1660,78,2560,16508,chr11,q,rev
1661,78,2581,11399,chr11,q,rev
1662,78,1130,3065,chr12,p,fwd
1663,78,1617,10333,chr12,p,fwd
1664,78,1476,10711,chr12,p,fwd
1665,78,4542,13781,chr12,p,fwd
1666,78,4322,17737,chr12,p,fwd
1667,78,966,3984,chr12,p,fwd
1668,78,1802,10846,chr12,p,fwd
1669,78,1034,2657,chr12,q,rev
1670,78,4493,6414,chr12,q,rev
1671,78,2347,4093,chr12,q,rev
1672,78,1236,4085,chr12,q,rev
1673,78,2138,5318,chr12,q,rev
1674,78,5396,18641,chr13,p,fwd
1675,78,5887,41311,chr13,p,fwd
1676,78,3584,20418,chr13,q,rev
1677,78,3982,8832,chr13,q,rev
1678,78,3652,8148,chr13,q,rev
1679,78,2556,7102,chr13,q,rev
1680,78,3222,6717,chr13,q,rev
1681,78,3080,12382,chr13,q,rev
1682,78,10289,16125,chr14,p,fwd
1683,78,11001,17082,chr14,p,fwd
1684,78,11710,23088,chr14,q,rev
1685,78,2409,10225,chr14,q,rev
1686,78,2409,10225,chr14,q,rev
1687,78,5050,6487,chr15,p,fwd
1688,78,3880,8983,chr15,p,fwd
1689,78,9115,14448,chr15,p,fwd
1690,78,3529,12964,chr15,q,rev
1691,78,1671,10258,chr15,q,rev
1692,78,11673,20761,chr15,q,rev
1693,78,6571,15680,chr15,q,rev
1694,78,2238,10860,chr15,q,rev
1695,78,6360,15777,chr15,q,rev
1696,78,2044,11031,chr16,p,fwd
1697,78,3335,12405,chr16,p,fwd
1698,78,2327,3609,chr16,p,fwd
1699,78,3007,10444,chr16,q,rev
1700,78,2634,7257,chr16,q,rev
1701,78,1981,6527,chr16,q,rev
1702,78,2249,6903,chr16,q,rev
1703,78,1997,6528,chr16,q,rev
1704,78,2292,7150,chr16,q,rev
1705,78,3520,9094,chr16,q,rev
1706,78,4531,10535,chr16,q,rev
1707,78,4159,5886,chr16,q,rev
1708,78,1107,8590,chr17,p,fwd
1709,78,4328,25667,chr17,p,fwd
1710,78,1743,2532,chr17,p,fwd
1711,78,1961,6962,chr17,q,rev
1712,78,2053,7297,chr17,q,rev
1713,78,2734,7606,chr17,q,rev
1714,78,3691,10105,chr18,p,fwd
1715,78,7474,13266,chr18,p,fwd
1716,78,4195,15111,chr18,p,fwd
1717,78,2620,15663,chr18,p,fwd
1718,78,2681,10443,chr18,q,rev
1719,78,3297,11293,chr18,q,rev
1720,78,1107,8590,chr18,q,rev
1721,78,4346,13905,chr19,p,fwd
1722,78,6360,15777,chr19,p,fwd
1723,78,11673,20761,chr19,p,fwd
1724,78,5493,14676,chr19,p,fwd
1725,78,627,5128,chr19,q,rev
1726,78,1635,6538,chr19,q,rev
1727,78,4195,15111,chr19,q,rev
1728,78,1596,10338,chr19,q,rev
1729,78,5678,16361,chr19,q,rev
1730,78,3003,8997,chr19,q,rev
1731,78,2556,7102,chr19,q,rev
1732,78,1635,6538,chr19,q,rev
1733,78,1957,10927,chr19,q,rev
1734,78,1216,1674,chr19,q,rev
1735,78,3691,10105,chr19,q,rev
1736,78,3380,7985,chr19,q,rev
1737,78,2210,11604,chr20,q,rev
1738,78,4034,13451,chr20,q,rev
1739,78,966,3984,chr20,q,rev
1740,78,1618,2302,chr20,q,rev
1741,78,12998,23953,chr21,p,fwd
1742,78,5665,15934,chr22,p,fwd
1743,78,8032,18751,chr22,p,fwd
1744,78,8654,17475,chr22,p,fwd
1745,78,2053,7297,chr22,q,rev
1746,78,2007,7439,chr22,q,rev
1747,78,3002,4905,chr22,q,rev
1748,78,2347,4093,chr22,q,rev
1749,78,4007,19948,chrX,p,fwd
1750,78,2893,17875,chrY,p,fwd
1751,78,4007,19948,chrY,p,fwd
1752,78,4513,19479,chrY,p,fwd
1753,78,4349,9333,alt1_q_0,q,fwd
1754,78,4244,14072,alt4_p_0,p,fwd
1755,78,3970,17485,alt4_p_0,p,fwd
1756,78,4322,18001,alt4_p_0,p,fwd
1757,78,2279,7674,alt5_q_0,q,fwd
1758,78,1308,10129,alt9_p_0,p,fwd
1759,78,1727,11100,alt9_p_0,p,fwd
1760,78,1299,10117,alt9_p_0,p,fwd
1761,78,2347,4093,alt12_q_0,q,fwd
1762,78,4493,6414,alt12_q_0,q,fwd
1763,78,1034,2657,alt12_q_0,q,fwd
1764,78,2288,10842,alt16_p_0,p,fwd
1765,78,1130,3065,alt16_p_0,p,fwd
1766,78,1131,9502,alt16_p_0,p,fwd
1767,78,1728,10136,alt16_p_0,p,fwd
1768,78,851,8903,alt19_p_0,p,fwd
1769,78,1263,9642,alt19_p_0,p,fwd
1770,98,1411,6006,chr1,p,fwd
1771,98,2060,6763,chr1,p,fwd
1772,98,6376,13510,chr1,p,fwd
1773,98,1239,4690,chr1,p,fwd
1774,98,1812,8262,chr1,p,fwd
1775,98,1038,5501,chr1,p,fwd
1776,98,1829,6966,chr1,p,fwd
1777,98,3172,8442,chr1,p,fwd
1778,98,7302,18214,chr1,p,fwd
1779,98,1868,6099,chr1,p,fwd
1780,98,2466,6423,chr1,p,fwd
1781,98,917,4333,chr1,p,fwd
1782,98,3289,7025,chr1,p,fwd
1783,98,1845,6119,chr1,p,fwd
1784,98,2815,6627,chr1,p,fwd
1785,98,1913,5134,chr1,p,fwd
1786,98,2024,5162,chr1,p,fwd
1787,98,1309,5597,chr1,p,fwd
1788,98,3137,7139,chr1,p,fwd
1789,98,1860,6193,chr1,p,fwd
1790,98,2646,6691,chr1,p,fwd
1791,98,2444,6942,chr1,p,fwd
1792,98,2061,5898,chr1,p,fwd
1793,98,2205,6253,chr1,p,fwd
1794,98,1251,5707,chr1,p,fwd
1795,98,5304,9372,chr1,p,fwd
1796,98,2664,6600,chr1,p,fwd
1797,98,1574,6313,chr1,p,fwd
1798,98,1996,6234,chr1,p,fwd
1799,98,2204,5807,chr1,p,fwd
1800,98,2251,5596,chr1,p,fwd
1801,98,3134,6899,chr1,p,fwd
1802,98,1901,5283,chr1,p,fwd
1803,98,2327,6158,chr1,p,fwd
1804,98,2439,10806,chr1,p,fwd
1805,98,3098,6943,chr1,p,fwd
1806,98,2217,5561,chr1,p,fwd
1807,98,1665,4819,chr1,p,fwd
1808,98,1594,5039,chr1,p,fwd
1809,98,2523,6700,chr1,p,fwd
1810,98,2105,5164,chr1,p,fwd
1811,98,1876,5283,chr1,p,fwd
1812,98,2793,6541,chr1,p,fwd
1813,98,2994,6868,chr1,p,fwd
1814,98,3761,19436,chr1,q,rev
1815,98,1997,9536,chr1,q,rev
1816,98,3118,7843,chr1,q,rev
1817,98,3337,8180,chr1,q,rev
1818,98,273,4850,chr1,q,rev
1819,98,1986,6866,chr1,q,rev
1820,98,2882,8261,chr1,q,rev
1821,98,3043,7987,chr1,q,rev
1822,98,2829,7903,chr1,q,rev
1823,98,745,5765,chr1,q,rev
1824,98,1637,6831,chr1,q,rev
1825,98,2592,7219,chr1,q,rev
1826,98,1769,7072,chr1,q,rev
1827,98,1742,6903,chr1,q,rev
1828,98,1106,6152,chr1,q,rev
1829,98,2115,7336,chr1,q,rev
1830,98,2653,8253,chr1,q,rev
1831,98,733,5758,chr1,q,rev
1832,98,4079,9761,chr1,q,rev
1833,98,2625,7616,chr1,q,rev
1834,98,2255,7344,chr1,q,rev
1835,98,2084,7170,chr1,q,rev
1836,98,4089,9695,chr1,q,rev
1837,98,2748,7395,chr1,q,rev
1838,98,1700,7212,chr1,q,rev
1839,98,1565,6781,chr1,q,rev
1840,98,1506,6705,chr1,q,rev
1841,98,2254,7159,chr1,q,rev
1842,98,1797,7020,chr1,q,rev
1843,98,2176,7512,chr1,q,rev
1844,98,2271,7274,chr1,q,rev
1845,98,2281,7067,chr1,q,rev
1846,98,1911,7003,chr1,q,rev
1847,98,3904,9501,chr1,q,rev
1848,98,3507,8145,chr1,q,rev
1849,98,847,6319,chr1,q,rev
1850,98,7301,12932,chr1,q,rev
1851,98,2956,8117,chr1,q,rev
1852,98,5146,10329,chr1,q,rev
1853,98,1766,6797,chr1,q,rev
1854,98,2860,7495,chr1,q,rev
1855,98,2011,7259,chr1,q,rev
1856,98,2834,7363,chr1,q,rev
1857,98,2631,7439,chr1,q,rev
1858,98,3833,9759,chr1,q,rev
1859,98,3470,7513,chr1,q,rev
1860,98,1602,5671,chr1,q,rev
1861,98,1127,3532,chr1,q,rev
1862,98,2694,5523,chr1,q,rev
1863,98,1667,9900,chr1,q,rev
1864,98,1325,9044,chr1,q,rev
1865,98,751,8115,chr1,q,rev
1866,98,2904,10883,chr1,q,rev
1867,98,1901,9762,chr1,q,rev
1868,98,1787,9578,chr1,q,rev
1869,98,2218,11185,chr1,q,rev
1870,98,1517,4197,chr1,q,rev
1871,98,3962,5241,chr1,q,rev
1872,98,2662,11153,chr1,q,rev
1873,98,2281,7067,chr1,q,rev
1874,98,2618,13544,chr1,q,rev
1875,98,2205,10569,chr1,q,rev
1876,98,2255,7344,chr1,q,rev
1877,98,2176,7512,chr1,q,rev
1878,98,1754,5470,chr1,q,rev
1879,98,3656,17174,chr1,q,rev
1880,98,1360,25258,chr2,p,fwd
1881,98,1876,5283,chr2,p,fwd
1882,98,1080,4886,chr2,p,fwd
1883,98,934,4785,chr2,p,fwd
1884,98,406,2160,chr2,p,fwd
1885,98,1311,2948,chr2,p,fwd
1886,98,1058,8912,chr2,p,fwd
1887,98,1754,5470,chr2,p,fwd
1888,98,5105,8973,chr2,p,fwd
1889,98,2214,3404,chr2,p,fwd
1890,98,4462,8166,chr2,p,fwd
1891,98,3712,7494,chr2,p,fwd
1892,98,5351,9297,chr2,p,fwd
1893,98,1606,5614,chr2,p,fwd
1894,98,2499,6422,chr2,p,fwd
1895,98,2527,6301,chr2,p,fwd
1896,98,629,5257,chr2,q,rev
1897,98,1376,5411,chr2,q,rev
1898,98,1624,6194,chr2,q,rev
1899,98,725,5353,chr2,q,rev
1900,98,306,4718,chr2,q,rev
1901,98,574,5085,chr2,q,rev
1902,98,426,4992,chr2,q,rev
1903,98,2243,6272,chr2,q,rev
1904,98,1213,5901,chr2,q,rev
1905,98,3096,7401,chr2,q,rev
1906,98,373,4224,chr2,q,rev
1907,98,725,5353,chr2,q,rev
1908,98,1058,8912,chr2,q,rev
1909,98,1479,9398,chr2,q,rev
1910,98,1317,8586,chr2,q,rev
1911,98,3266,5464,chr3,p,fwd
1912,98,1925,7615,chr3,p,fwd
1913,98,3390,12922,chr3,p,fwd
1914,98,1631,3379,chr3,p,fwd
1915,98,4275,6145,chr3,p,fwd
1916,98,3083,5050,chr3,p,fwd
1917,98,2877,4771,chr3,p,fwd
1918,98,3302,5533,chr3,p,fwd
1919,98,1668,12446,chr3,q,rev
1920,98,2051,10955,chr3,q,rev
1921,98,3799,12347,chr3,q,rev
1922,98,3963,12411,chr3,q,rev
1923,98,2475,10751,chr3,q,rev
1924,98,3269,11784,chr3,q,rev
1925,98,1604,10148,chr3,q,rev
1926,98,2546,11198,chr3,q,rev
1927,98,4871,13177,chr3,q,rev
1928,98,4649,14678,chr3,q,rev
1929,98,1940,10967,chr3,q,rev
1930,98,3184,11990,chr3,q,rev
1931,98,1325,10278,chr3,q,rev
1932,98,1006,7204,chr3,q,rev
1933,98,1138,5194,chr3,q,rev
1934,98,2053,3916,chr3,q,rev
1935,98,2034,3131,chr3,q,rev
1936,98,2635,3415,chr3,q,rev
1937,98,1765,9545,chr3,q,rev
1938,98,3833,9759,chr3,q,rev
1939,98,1101,8284,chr3,q,rev
1940,98,2084,7170,chr3,q,rev
1941,98,2938,8595,chr3,q,rev
1942,98,2482,19156,chr4,p,fwd
1943,98,3645,9871,chr4,p,fwd
1944,98,1251,5707,chr4,p,fwd
1945,98,1517,4197,chr4,p,fwd
1946,98,6978,21114,chr4,p,fwd
1947,98,1875,2532,chr4,p,fwd
1948,98,5405,11112,chr4,p,fwd
1949,98,6501,20458,chr4,p,fwd
1950,98,2650,5049,chr4,p,fwd
1951,98,2479,7330,chr4,p,fwd
1952,98,1996,6234,chr4,p,fwd
1953,98,2444,6942,chr4,p,fwd
1954,98,9600,20931,chr4,p,fwd
1955,98,3656,13303,chr4,p,fwd
1956,98,2065,6830,chr4,p,fwd
1957,98,6208,18901,chr4,p,fwd
1958,98,7421,20529,chr4,p,fwd
1959,98,4492,17903,chr4,p,fwd
1960,98,2510,15915,chr4,p,fwd
1961,98,6205,20004,chr4,p,fwd
1962,98,3682,17492,chr4,p,fwd
1963,98,3129,16695,chr4,p,fwd
1964,98,3674,6325,chr4,p,fwd
1965,98,1861,12082,chr4,p,fwd
1966,98,5061,10207,chr4,p,fwd
1967,98,1478,11462,chr4,p,fwd
1968,98,4917,15221,chr4,p,fwd
1969,98,1526,11567,chr4,p,fwd
1970,98,5105,15312,chr4,p,fwd
1971,98,5312,21186,chr4,p,fwd
1972,98,7667,15369,chr4,p,fwd
1973,98,2978,10090,chr4,p,fwd
1974,98,1555,6622,chr4,p,fwd
1975,98,7660,10187,chr4,p,fwd
1976,98,3761,19436,chr4,q,rev
1977,98,7301,12932,chr4,q,rev
1978,98,5146,10329,chr4,q,rev
1979,98,2060,6763,chr5,p,fwd
1980,98,2795,10838,chr5,p,fwd
1981,98,785,7933,chr5,p,fwd
1982,98,1074,9562,chr5,p,fwd
1983,98,2988,3809,chr5,p,fwd
1984,98,3225,3966,chr5,p,fwd
1985,98,2461,7063,chr5,q,rev
1986,98,2447,7495,chr5,q,rev
1987,98,2213,8276,chr5,q,rev
1988,98,2173,6759,chr5,q,rev
1989,98,1578,6214,chr5,q,rev
1990,98,1550,6289,chr5,q,rev
1991,98,1221,5281,chr5,q,rev
1992,98,2198,7701,chr5,q,rev
1993,98,1934,6481,chr5,q,rev
1994,98,2427,7859,chr5,q,rev
1995,98,2887,8434,chr5,q,rev
1996,98,4002,9941,chr5,q,rev
1997,98,1835,6266,chr5,q,rev
1998,98,1962,6521,chr5,q,rev
1999,98,1571,6177,chr5,q,rev
2000,98,847,5486,chr5,q,rev
2001,98,3000,8937,chr5,q,rev
2002,98,2972,9052,chr5,q,rev
2003,98,1292,6269,chr5,q,rev
2004,98,3089,8945,chr5,q,rev
2005,98,2379,6906,chr5,q,rev
2006,98,2402,7649,chr5,q,rev
2007,98,4025,8477,chr5,q,rev
2008,98,2352,6944,chr5,q,rev
2009,98,2622,7767,chr5,q,rev
2010,98,1718,6618,chr5,q,rev
2011,98,2881,9136,chr5,q,rev
2012,98,3596,8993,chr5,q,rev
2013,98,1311,5921,chr5,q,rev
2014,98,2729,8426,chr5,q,rev
2015,98,1991,7257,chr5,q,rev
2016,98,4071,9169,chr5,q,rev
2017,98,2125,7247,chr5,q,rev
2018,98,3434,8742,chr5,q,rev
2019,98,2248,5258,chr5,q,rev
2020,98,1836,9941,chr5,q,rev
2021,98,3083,5050,chr5,q,rev
2022,98,1821,2555,chr5,q,rev
2023,98,3058,5633,chr5,q,rev
2024,98,4165,14627,chr5,q,rev
2025,98,4204,9104,chr6,p,fwd
2026,98,1812,8262,chr6,q,rev
2027,98,2664,6600,chr6,q,rev
2028,98,3289,7025,chr6,q,rev
2029,98,1860,6193,chr6,q,rev
2030,98,3637,7673,chr6,q,rev
2031,98,1038,5501,chr6,q,rev
2032,98,1355,5275,chr6,q,rev
2033,98,1904,6287,chr6,q,rev
2034,98,905,5010,chr6,q,rev
2035,98,1346,5806,chr6,q,rev
2036,98,1594,5039,chr6,q,rev
2037,98,4277,8399,chr6,q,rev
2038,98,1933,6315,chr6,q,rev
2039,98,1901,5283,chr6,q,rev
2040,98,3134,6899,chr6,q,rev
2041,98,5304,9372,chr6,q,rev
2042,98,2646,6691,chr6,q,rev
2043,98,1989,6296,chr6,q,rev
2044,98,1309,5597,chr6,q,rev
2045,98,1411,6006,chr6,q,rev
2046,98,3098,6943,chr6,q,rev
2047,98,917,4333,chr6,q,rev
2048,98,989,5035,chr6,q,rev
2049,98,2251,5596,chr6,q,rev
2050,98,2815,6627,chr6,q,rev
2051,98,2444,6942,chr6,q,rev
2052,98,1479,4807,chr6,q,rev
2053,98,1845,6119,chr6,q,rev
2054,98,3137,7139,chr6,q,rev
2055,98,2619,6541,chr6,q,rev
2056,98,5938,10003,chr6,q,rev
2057,98,1574,6313,chr6,q,rev
2058,98,2205,6253,chr6,q,rev
2059,98,1624,4797,chr6,q,rev
2060,98,2217,5561,chr6,q,rev
2061,98,1689,6609,chr6,q,rev
2062,98,2061,5898,chr6,q,rev
2063,98,2204,5807,chr6,q,rev
2064,98,1663,5105,chr6,q,rev
2065,98,2523,6700,chr6,q,rev
2066,98,1251,5707,chr6,q,rev
2067,98,1984,6598,chr6,q,rev
2068,98,2466,6423,chr6,q,rev
2069,98,2994,6868,chr6,q,rev
2070,98,2327,6158,chr6,q,rev
2071,98,2439,10806,chr6,q,rev
2072,98,1663,5105,chr6,q,rev
2073,98,1992,10615,chr6,q,rev
2074,98,6746,13877,chr7,p,fwd
2075,98,2213,8276,chr7,p,fwd
2076,98,2427,7859,chr7,p,fwd
2077,98,1106,6152,chr7,p,fwd
2078,98,4071,9169,chr7,p,fwd
2079,98,1801,9959,chr7,p,fwd
2080,98,1190,5879,chr7,p,fwd
2081,98,1444,5993,chr7,p,fwd
2082,98,2710,7330,chr7,p,fwd
2083,98,2275,7575,chr7,p,fwd
2084,98,6146,13920,chr7,p,fwd
2085,98,5446,10263,chr7,p,fwd
2086,98,5141,10036,chr7,p,fwd
2087,98,4071,9169,chr7,p,fwd
2088,98,2729,8426,chr7,p,fwd
2089,98,2402,7649,chr7,p,fwd
2090,98,4773,9404,chr7,p,fwd
2091,98,3294,7606,chr7,p,fwd
2092,98,3176,7352,chr7,p,fwd
2093,98,479,3459,chr7,q,rev
2094,98,476,3385,chr7,q,rev
2095,98,728,4060,chr7,q,rev
2096,98,1422,4425,chr7,q,rev
2097,98,185,3151,chr7,q,rev
2098,98,2478,5412,chr7,q,rev
2099,98,425,3534,chr7,q,rev
2100,98,894,4197,chr7,q,rev
2101,98,387,3257,chr7,q,rev
2102,98,1315,4130,chr7,q,rev
2103,98,2903,6260,chr7,q,rev
2104,98,1862,4729,chr7,q,rev
2105,98,208,3078,chr7,q,rev
2106,98,1848,3348,chr7,q,rev
2107,98,2214,3404,chr7,q,rev
2108,98,1157,8707,chr7,q,rev
2109,98,562,7915,chr7,q,rev
2110,98,6501,20458,chr8,p,fwd
2111,98,1325,9044,chr8,q,rev
2112,98,1317,8586,chr8,q,rev
2113,98,1101,8284,chr8,q,rev
2114,98,1787,9578,chr8,q,rev
2115,98,2904,10883,chr8,q,rev
2116,98,2194,10004,chr8,q,rev
2117,98,1867,9189,chr8,q,rev
2118,98,1667,9900,chr8,q,rev
2119,98,2228,10472,chr8,q,rev
2120,98,3003,10990,chr8,q,rev
2121,98,1222,8649,chr8,q,rev
2122,98,1204,8641,chr8,q,rev
2123,98,1901,9762,chr8,q,rev
2124,98,1157,8707,chr8,q,rev
2125,98,785,7933,chr8,q,rev
2126,98,562,7915,chr8,q,rev
2127,98,751,8115,chr8,q,rev
2128,98,1451,5002,chr8,q,rev
2129,98,854,3099,chr8,q,rev
2130,98,4002,9941,chr8,q,rev
2131,98,1619,5032,chr8,q,rev
2132,98,5376,6281,chr8,q,rev
2133,98,1940,10967,chr8,q,rev
2134,98,2203,8067,chr9,p,fwd
2135,98,1906,11033,chr9,p,fwd
2136,98,352,2306,chr9,p,fwd
2137,98,3682,17492,chr9,p,fwd
2138,98,1360,25258,chr9,p,fwd
2139,98,3656,17174,chr9,p,fwd
2140,98,1888,9638,chr9,p,fwd
2141,98,406,2160,chr9,p,fwd
2142,98,2615,7218,chr9,p,fwd
2143,98,1388,9215,chr9,p,fwd
2144,98,1602,5671,chr9,p,fwd
2145,98,2934,11552,chr9,p,fwd
2146,98,2622,7767,chr9,p,fwd
2147,98,5195,13129,chr9,p,fwd
2148,98,1912,10579,chr9,p,fwd
2149,98,2829,7903,chr9,p,fwd
2150,98,2718,12168,chr9,p,fwd
2151,98,2125,7247,chr9,p,fwd
2152,98,1911,7003,chr9,p,fwd
2153,98,2002,14787,chr9,p,fwd
2154,98,2123,11504,chr9,p,fwd
2155,98,3596,8993,chr9,p,fwd
2156,98,1819,11129,chr9,p,fwd
2157,98,769,3326,chr9,p,fwd
2158,98,1225,3865,chr9,p,fwd
2159,98,984,7055,chr9,p,fwd
2160,98,1718,10873,chr9,p,fwd
2161,98,1082,9894,chr9,p,fwd
2162,98,1162,9898,chr9,p,fwd
2163,98,1365,9922,chr9,p,fwd
2164,98,1106,9640,chr9,p,fwd
2165,98,1232,10094,chr9,p,fwd
2166,98,1353,10383,chr9,p,fwd
2167,98,1356,10085,chr9,p,fwd
2168,98,1515,10615,chr9,p,fwd
2169,98,1228,9981,chr9,p,fwd
2170,98,890,9909,chr9,p,fwd
2171,98,1387,10384,chr9,p,fwd
2172,98,1235,9890,chr9,p,fwd
2173,98,955,7059,chr9,p,fwd
2174,98,1213,9973,chr9,p,fwd
2175,98,1209,9763,chr9,p,fwd
2176,98,3085,12342,chr9,p,fwd
2177,98,1430,10313,chr9,p,fwd
2178,98,1240,10077,chr9,p,fwd
2179,98,1054,9490,chr9,p,fwd
2180,98,1102,9801,chr9,p,fwd
2181,98,1075,9554,chr9,p,fwd
2182,98,1538,10956,chr9,p,fwd
2183,98,1168,7787,chr9,p,fwd
2184,98,757,9697,chr9,p,fwd
2185,98,1004,9711,chr9,p,fwd
2186,98,1558,10591,chr9,p,fwd
2187,98,901,9617,chr9,p,fwd
2188,98,2970,12291,chr9,p,fwd
2189,98,2792,12182,chr9,p,fwd
2190,98,2252,11209,chr9,p,fwd
2191,98,2187,11101,chr9,p,fwd
2192,98,1258,10025,chr9,p,fwd
2193,98,1819,11129,chr9,p,fwd
2194,98,1914,11141,chr9,p,fwd
2195,98,2225,9503,chr9,p,fwd
2196,98,1804,11248,chr9,p,fwd
2197,98,2176,11160,chr9,p,fwd
2198,98,1277,10126,chr9,p,fwd
2199,98,2218,11103,chr9,p,fwd
2200,98,1477,10513,chr9,p,fwd
2201,98,3975,12997,chr9,p,fwd
2202,98,2601,11908,chr9,p,fwd
2203,98,2061,11066,chr9,p,fwd
2204,98,1219,9581,chr9,p,fwd
2205,98,3680,12746,chr9,p,fwd
2206,98,1309,10191,chr9,p,fwd
2207,98,3849,13426,chr9,p,fwd
2208,98,2123,11504,chr9,p,fwd
2209,98,3294,7606,chr9,p,fwd
2210,98,1366,10281,chr9,p,fwd
2211,98,1951,10771,chr9,p,fwd
2212,98,2922,12002,chr9,p,fwd
2213,98,1092,9459,chr9,p,fwd
2214,98,2386,10960,chr9,p,fwd
2215,98,1712,9861,chr9,p,fwd
2216,98,1155,5508,chr9,q,rev
2217,98,6146,13920,chr9,q,rev
2218,98,3260,8268,chr9,q,rev
2219,98,2801,7349,chr9,q,rev
2220,98,3082,7317,chr9,q,rev
2221,98,6376,13510,chr9,q,rev
2222,98,2273,7144,chr9,q,rev
2223,98,1320,3190,chr9,q,rev
2224,98,2214,3404,chr10,p,fwd
2225,98,2020,11126,chr10,p,fwd
2226,98,1997,9536,chr10,p,fwd
2227,98,2401,11154,chr10,p,fwd
2228,98,1619,5032,chr10,p,fwd
2229,98,5921,15756,chr10,p,fwd
2230,98,6950,20783,chr10,p,fwd
2231,98,2329,14693,chr10,p,fwd
2232,98,1155,5508,chr10,q,rev
2233,98,4773,9404,chr10,q,rev
2234,98,1444,5993,chr10,q,rev
2235,98,629,5257,chr10,q,rev
2236,98,2710,7330,chr10,q,rev
2237,98,1578,6214,chr10,q,rev
2238,98,1190,5879,chr10,q,rev
2239,98,4815,9648,chr10,q,rev
2240,98,5141,10036,chr10,q,rev
2241,98,5446,10263,chr10,q,rev
2242,98,306,4718,chr10,q,rev
2243,98,2603,7251,chr10,q,rev
2244,98,1718,6618,chr10,q,rev
2245,98,2273,7144,chr10,q,rev
2246,98,3233,5365,chr10,q,rev
2247,98,1800,10366,chr11,p,fwd
2248,98,2828,9955,chr11,p,fwd
2249,98,1384,9760,chr11,p,fwd
2250,98,1351,9726,chr11,p,fwd
2251,98,2118,10725,chr11,p,fwd
2252,98,1281,9647,chr11,p,fwd
2253,98,1305,9711,chr11,p,fwd
2254,98,1611,17113,chr11,p,fwd
2255,98,3846,12378,chr11,p,fwd
2256,98,3184,11990,chr11,p,fwd
2257,98,896,9467,chr11,p,fwd
2258,98,964,8835,chr11,p,fwd
2259,98,808,8933,chr11,p,fwd
2260,98,1575,10145,chr11,p,fwd
2261,98,1413,6261,chr11,p,fwd
2262,98,3076,11324,chr11,p,fwd
2263,98,2492,11117,chr11,p,fwd
2264,98,1710,10113,chr11,p,fwd
2265,98,1378,9764,chr11,p,fwd
2266,98,1712,9861,chr11,p,fwd
2267,98,1906,10328,chr11,p,fwd
2268,98,2635,11007,chr11,p,fwd
2269,98,2386,10960,chr11,p,fwd
2270,98,2807,11211,chr11,p,fwd
2271,98,2541,8840,chr11,p,fwd
2272,98,2136,10651,chr11,p,fwd
2273,98,1710,10258,chr11,p,fwd
2274,98,1740,10348,chr11,p,fwd
2275,98,1404,10135,chr11,p,fwd
2276,98,3576,13136,chr11,p,fwd
2277,98,3943,12933,chr11,p,fwd
2278,98,1815,8199,chr11,p,fwd
2279,98,2945,11401,chr11,p,fwd
2280,98,3786,12783,chr11,p,fwd
2281,98,4871,13810,chr11,p,fwd
2282,98,2451,11111,chr11,p,fwd
2283,98,4603,13483,chr11,p,fwd
2284,98,1880,18023,chr11,q,rev
2285,98,2482,19156,chr11,q,rev
2286,98,3092,20047,chr11,q,rev
2287,98,5088,22279,chr11,q,rev
2288,98,2800,20087,chr11,q,rev
2289,98,1931,18373,chr11,q,rev
2290,98,2561,18158,chr11,q,rev
2291,98,1765,9545,chr11,q,rev
2292,98,971,6599,chr11,q,rev
2293,98,2729,8426,chr11,q,rev
2294,98,1388,9215,chr11,q,rev
2295,98,1906,10328,chr11,q,rev
2296,98,2275,7575,chr11,q,rev
2297,98,1376,5411,chr12,p,fwd
2298,98,657,2151,chr12,p,fwd
2299,98,1387,10384,chr12,p,fwd
2300,98,3085,12342,chr12,p,fwd
2301,98,1558,10591,chr12,p,fwd
2302,98,1538,10956,chr12,p,fwd
2303,98,1004,9711,chr12,p,fwd
2304,98,4775,13877,chr12,p,fwd
2305,98,2601,11908,chr12,p,fwd
2306,98,3975,12997,chr12,p,fwd
2307,98,3680,12746,chr12,p,fwd
2308,98,3849,13426,chr12,p,fwd
2309,98,1366,10281,chr12,p,fwd
2310,98,2922,12002,chr12,p,fwd
2311,98,1239,4690,chr12,q,rev
2312,98,887,3863,chr12,q,rev
2313,98,787,3892,chr12,q,rev
2314,98,1771,4905,chr12,q,rev
2315,98,1619,9894,chr12,q,rev
2316,98,1224,4116,chr12,q,rev
2317,98,2457,17541,chr13,p,fwd
2318,98,3739,8605,chr13,q,rev
2319,98,4204,9104,chr13,q,rev
2320,98,2485,7010,chr13,q,rev
2321,98,3237,7753,chr13,q,rev
2322,98,3260,8268,chr13,q,rev
2323,98,2615,7218,chr13,q,rev
2324,98,2288,6835,chr13,q,rev
2325,98,2414,6975,chr13,q,rev
2326,98,2911,7367,chr13,q,rev
2327,98,2589,7459,chr13,q,rev
2328,98,1595,5973,chr13,q,rev
2329,98,3836,5322,chr13,q,rev
2330,98,2203,8067,chr14,p,fwd
2331,98,9838,15893,chr14,p,fwd
2332,98,5705,11446,chr14,p,fwd
2333,98,7979,13720,chr14,p,fwd
2334,98,5417,11033,chr14,p,fwd
2335,98,2268,7717,chr14,p,fwd
2336,98,8238,13849,chr14,p,fwd
2337,98,5257,10825,chr14,p,fwd
2338,98,5405,11112,chr14,p,fwd
2339,98,2618,13544,chr14,q,rev
2340,98,4783,15937,chr14,q,rev
2341,98,7302,18214,chr14,q,rev
2342,98,5528,16535,chr14,q,rev
2343,98,2234,15644,chr14,q,rev
2344,98,6015,16947,chr14,q,rev
2345,98,9600,20931,chr14,q,rev
2346,98,8504,20021,chr14,q,rev
2347,98,5873,16963,chr14,q,rev
2348,98,2855,17002,chr14,q,rev
2349,98,5094,14183,chr14,q,rev
2350,98,1377,3007,chr14,q,rev
2351,98,2972,9052,chr15,p,fwd
2352,98,3000,8937,chr15,p,fwd
2353,98,4089,9695,chr15,p,fwd
2354,98,4079,9761,chr15,p,fwd
2355,98,3739,8605,chr15,p,fwd
2356,98,2635,3415,chr15,p,fwd
2357,98,4649,14678,chr15,p,fwd
2358,98,6978,21114,chr15,p,fwd
2359,98,6208,18901,chr15,p,fwd
2360,98,2051,10955,chr15,q,rev
2361,98,1710,10258,chr15,q,rev
2362,98,5272,14699,chr15,q,rev
2363,98,4775,13877,chr15,q,rev
2364,98,1740,10348,chr15,q,rev
2365,98,1575,10145,chr15,q,rev
2366,98,876,9535,chr15,q,rev
2367,98,4871,13810,chr15,q,rev
2368,98,1815,8199,chr15,q,rev
2369,98,1138,5194,chr15,q,rev
2370,98,426,2466,chr15,q,rev
2371,98,1537,3858,chr15,q,rev
2372,98,847,6319,chr15,q,rev
2373,98,2811,4251,chr15,q,rev
2374,98,2034,3131,chr15,q,rev
2375,98,2475,10751,chr15,q,rev
2376,98,2051,10955,chr15,q,rev
2377,98,5076,13027,chr16,p,fwd
2378,98,1225,3865,chr16,p,fwd
2379,98,1550,6289,chr16,q,rev
2380,98,1934,6481,chr16,q,rev
2381,98,2887,8434,chr16,q,rev
2382,98,1962,6521,chr16,q,rev
2383,98,1571,6177,chr16,q,rev
2384,98,3645,9871,chr16,q,rev
2385,98,3089,8945,chr16,q,rev
2386,98,2352,6944,chr16,q,rev
2387,98,2622,7767,chr16,q,rev
2388,98,2881,9136,chr16,q,rev
2389,98,2125,7247,chr16,q,rev
2390,98,3233,5365,chr16,q,rev
2391,98,3058,5633,chr16,q,rev
2392,98,1292,6269,chr16,q,rev
2393,98,3434,8742,chr16,q,rev
2394,98,3596,8993,chr16,q,rev
2395,98,1478,11462,chr17,p,fwd
2396,98,2649,18629,chr17,p,fwd
2397,98,1986,6866,chr17,p,fwd
2398,98,352,2306,chr17,p,fwd
2399,98,2136,10651,chr17,p,fwd
2400,98,1604,10148,chr17,p,fwd
2401,98,3657,13962,chr17,p,fwd
2402,98,3435,13282,chr17,p,fwd
2403,98,3424,13379,chr17,p,fwd
2404,98,3231,13399,chr17,p,fwd
2405,98,3120,13091,chr17,p,fwd
2406,98,3710,13765,chr17,p,fwd
2407,98,2097,12252,chr17,p,fwd
2408,98,1637,6831,chr17,q,rev
2409,98,1742,6903,chr17,q,rev
2410,98,2255,7344,chr17,q,rev
2411,98,3904,9501,chr17,q,rev
2412,98,1766,6797,chr17,q,rev
2413,98,1400,23321,chr17,q,rev
2414,98,1700,7212,chr17,q,rev
2415,98,1801,9959,chr17,q,rev
2416,98,3056,16612,chr18,p,fwd
2417,98,6946,20590,chr18,p,fwd
2418,98,3364,16826,chr18,p,fwd
2419,98,3525,16951,chr18,p,fwd
2420,98,1388,9215,chr18,q,rev
2421,98,2205,10569,chr18,q,rev
2422,98,860,8843,chr18,q,rev
2423,98,1479,9398,chr18,q,rev
2424,98,1801,9959,chr18,q,rev
2425,98,1433,9393,chr18,q,rev
2426,98,2013,10356,chr18,q,rev
2427,98,2770,10780,chr18,q,rev
2428,98,1888,9638,chr18,q,rev
2429,98,2899,10801,chr18,q,rev
2430,98,1003,9361,chr18,q,rev
2431,98,2795,10838,chr18,q,rev
2432,98,1678,8463,chr18,q,rev
2433,98,1481,3818,chr18,q,rev
2434,98,3943,12933,chr18,q,rev
2435,98,1787,9578,chr18,q,rev
2436,98,1875,2532,chr18,q,rev
2437,98,1190,5879,chr19,p,fwd
2438,98,3129,16695,chr19,p,fwd
2439,98,1624,6194,chr19,p,fwd
2440,98,2248,5258,chr19,p,fwd
2441,98,2792,12182,chr19,p,fwd
2442,98,2945,11401,chr19,p,fwd
2443,98,1914,11141,chr19,p,fwd
2444,98,1668,12446,chr19,p,fwd
2445,98,3576,13136,chr19,p,fwd
2446,98,3786,12783,chr19,p,fwd
2447,98,4603,13483,chr19,p,fwd
2448,98,5272,14699,chr19,p,fwd
2449,98,2541,8840,chr19,q,rev
2450,98,1377,3007,chr19,q,rev
2451,98,1168,7787,chr19,q,rev
2452,98,2777,28723,chr19,q,rev
2453,98,2188,28303,chr19,q,rev
2454,98,1624,6194,chr19,q,rev
2455,98,3076,11324,chr19,q,rev
2456,98,2198,7701,chr19,q,rev
2457,98,1912,10579,chr19,q,rev
2458,98,3974,12682,chr19,q,rev
2459,98,5061,10207,chr19,q,rev
2460,98,1568,6385,chr19,q,rev
2461,98,1506,6705,chr19,q,rev
2462,98,3337,8180,chr19,q,rev
2463,98,4917,15221,chr19,q,rev
2464,98,1477,10513,chr19,q,rev
2465,98,3364,16826,chr19,q,rev
2466,98,2649,18629,chr19,q,rev
2467,98,1479,9398,chr19,q,rev
2468,98,1433,9393,chr19,q,rev
2469,98,5088,22279,chr19,q,rev
2470,98,3656,13303,chr19,q,rev
2471,98,1718,10873,chr19,q,rev
2472,98,7667,15369,chr19,q,rev
2473,98,2970,12291,chr19,q,rev
2474,98,1991,7257,chr19,q,rev
2475,98,3525,16951,chr19,q,rev
2476,98,3963,12411,chr19,q,rev
2477,98,1213,5901,chr19,q,rev
2478,98,7421,20529,chr19,q,rev
2479,98,6978,21114,chr19,q,rev
2480,98,16301,17922,chr19,q,rev
2481,98,6950,20783,chr19,q,rev
2482,98,6946,20590,chr19,q,rev
2483,98,1311,2948,chr20,p,fwd
2484,98,2592,7219,chr20,p,fwd
2485,98,2625,7616,chr20,p,fwd
2486,98,2899,7777,chr20,p,fwd
2487,98,2528,7327,chr20,p,fwd
2488,98,901,9617,chr20,q,rev
2489,98,1951,10771,chr20,q,rev
2490,98,1277,10126,chr20,q,rev
2491,98,1082,9894,chr20,q,rev
2492,98,1054,9490,chr20,q,rev
2493,98,2252,11209,chr20,q,rev
2494,98,1718,10873,chr20,q,rev
2495,98,1219,9581,chr20,q,rev
2496,98,955,7059,chr20,q,rev
2497,98,984,7055,chr20,q,rev
2498,98,1665,4819,chr20,q,rev
2499,98,2492,11117,chr20,q,rev
2500,98,2945,11401,chr20,q,rev
2501,98,3991,7066,chr21,p,fwd
2502,98,5312,21186,chr21,p,fwd
2503,98,3118,7843,chr21,q,rev
2504,98,3507,8145,chr21,q,rev
2505,98,3470,7513,chr21,q,rev
2506,98,4603,13483,chr21,q,rev
2507,98,3904,9501,chr21,q,rev
2508,98,2881,9136,chr21,q,rev
2509,98,3056,16612,chr22,p,fwd
2510,98,2887,8434,chr22,p,fwd
2511,98,934,4785,chr22,p,fwd
2512,98,1861,12082,chr22,p,fwd
2513,98,3991,7066,chr22,p,fwd
2514,98,5105,15312,chr22,p,fwd
2515,98,2978,10090,chr22,p,fwd
2516,98,1555,6622,chr22,p,fwd
2517,98,1997,9536,chr22,q,rev
2518,98,2115,7336,chr22,q,rev
2519,98,2528,7327,chr22,q,rev
2520,98,2899,7777,chr22,q,rev
2521,98,1565,6781,chr22,q,rev
2522,98,2254,7159,chr22,q,rev
2523,98,1797,7020,chr22,q,rev
2524,98,2011,7259,chr22,q,rev
2525,98,2631,7439,chr22,q,rev
2526,98,1127,3532,chr22,q,rev
2527,98,3448,19281,chrX,p,fwd
2528,98,3155,19169,chrX,p,fwd
2529,98,3254,17826,chrX,p,fwd
2530,98,1034,7036,chrY,p,fwd
2531,98,3628,18477,chrY,p,fwd
2532,98,3448,19281,chrY,p,fwd
2533,98,2649,18629,chrY,p,fwd
2534,98,3155,19169,chrY,p,fwd
2535,98,3254,17826,chrY,p,fwd
2536,98,3216,18019,chrY,p,fwd
2537,98,3866,18686,chrY,p,fwd
2538,98,4165,14627,chrY,p,fwd
2539,98,5076,13027,chrY,q,rev
2540,98,2956,8117,alt1_q_0,q,fwd
2541,98,2834,7363,alt1_q_0,q,fwd
2542,98,934,4785,alt2_p_0,p,fwd
2543,98,1925,7615,alt2_q_0,q,fwd
2544,98,4492,17903,alt4_p_0,p,fwd
2545,98,4649,14678,alt4_p_0,p,fwd
2546,98,2510,15915,alt4_p_0,p,fwd
2547,98,6205,20004,alt4_p_0,p,fwd
2548,98,3682,17492,alt4_p_0,p,fwd
2549,98,3129,16695,alt4_p_0,p,fwd
2550,98,3674,6325,alt4_q_0,q,fwd
2551,98,1526,11567,alt4_q_0,q,fwd
2552,98,1360,25258,alt5_p_0,p,fwd
2553,98,2447,7495,alt5_q_0,q,fwd
2554,98,1821,2555,alt5_q_0,q,fwd
2555,98,1353,10383,alt9_p_0,p,fwd
2556,98,1232,10094,alt9_p_0,p,fwd
2557,98,1430,10313,alt9_p_0,p,fwd
2558,98,1102,9801,alt9_p_0,p,fwd
2559,98,890,9909,alt9_p_0,p,fwd
2560,98,1235,9890,alt9_p_0,p,fwd
2561,98,1258,10025,alt9_p_0,p,fwd
2562,98,1162,9898,alt9_p_0,p,fwd
2563,98,1213,9973,alt9_p_0,p,fwd
2564,98,1515,10615,alt9_p_0,p,fwd
2565,98,757,9697,alt9_p_0,p,fwd
2566,98,1240,10077,alt9_p_0,p,fwd
2567,98,2275,7575,alt10_q_0,q,fwd
2568,98,3092,20047,alt11_q_0,q,fwd
2569,98,1880,18023,alt11_q_0,q,fwd
2570,98,1931,18373,alt11_q_0,q,fwd
2571,98,2800,20087,alt11_q_0,q,fwd
2572,98,1325,10278,alt12_p_0,p,fwd
2573,98,352,2306,alt12_q_0,q,fwd
2574,98,406,2160,alt12_q_0,q,fwd
2575,98,3836,5322,alt13_q_0,q,fwd
2576,98,426,2466,alt15_q_0,q,fwd
2577,98,1404,10135,alt15_q_0,q,fwd
2578,98,896,9467,alt15_q_0,q,fwd
2579,98,1209,9763,alt16_p_0,p,fwd
2580,98,1168,7787,alt16_p_0,p,fwd
2581,98,876,9535,alt16_p_0,p,fwd
2582,98,1075,9554,alt16_p_0,p,fwd
2583,98,1106,9640,alt16_p_0,p,fwd
2584,98,1092,9459,alt16_p_0,p,fwd
2585,98,847,5486,alt16_q_0,q,fwd
2586,98,860,8843,alt18_q_0,q,fwd
2587,98,1481,3818,alt18_q_0,q,fwd
2588,98,1384,9760,alt19_p_0,p,fwd
2589,98,1281,9647,alt19_p_0,p,fwd
2590,98,2136,10651,alt19_p_0,p,fwd
2591,98,964,8835,alt19_p_0,p,fwd
2592,98,1006,7204,alt19_p_0,p,fwd
2593,98,1305,9711,alt19_p_0,p,fwd
2594,98,808,8933,alt19_p_0,p,fwd
2595,98,1365,9922,alt19_p_0,p,fwd
2596,98,2118,10725,alt19_p_0,p,fwd
2597,98,1912,10579,alt19_p_0,p,fwd
2598,98,1320,3190,alt19_q_0,q,fwd
2599,98,3294,7606,alt19_q_0,q,fwd
2600,98,1376,5411,alt19_q_0,q,fwd
2601,98,3082,7317,alt19_q_0,q,fwd
2602,98,4025,8477,alt19_q_0,q,fwd
2603,98,426,4992,alt19_q_0,q,fwd
2604,98,3096,7401,alt19_q_0,q,fwd
2605,98,3176,7352,alt19_q_0,q,fwd
2606,98,2243,6272,alt19_q_0,q,fwd
2607,98,2801,7349,alt19_q_0,q,fwd
2608,98,2748,7395,alt21_q_0,q,fwd
2609,98,3043,7987,alt21_q_0,q,fwd
2610,98,733,5758,alt22_q_0,q,fwd
2611,98,745,5765,alt22_q_0,q,fwd
2612,98,1228,9981,altX_q_0,q,fwd
